Text-ID,Security,Conformity,Tradition,Benevolence,Universalism,Self-Direction,Stimulation,Hedonism,Achievement,Power
BG_002,2,5,1,0,3,6,1,2,1,10
BG_003,1,7,1,2,1,6,2,2,4,2
BG_004,4,8,0,1,4,3,2,3,5,2
BG_005,0,7,0,3,5,1,1,0,3,5
BG_006,2,3,0,1,2,3,0,1,4,1
BG_008,2,13,1,2,3,11,1,0,1,0
BG_009,3,2,0,0,4,2,0,2,1,2
BG_010,1,11,1,1,2,9,3,1,3,9
BG_011,1,6,2,2,2,4,0,0,2,4
BG_012,4,3,0,0,7,2,0,3,2,6
BG_013,2,3,0,1,1,0,1,0,0,1
BG_014,3,10,0,1,0,6,4,1,3,2
BG_015,1,1,0,0,5,5,2,1,1,1
BG_016,2,3,0,6,3,5,4,2,2,4
BG_017,2,2,1,1,0,2,2,0,1,8
BG_018,7,5,0,0,2,9,7,1,2,4
BG_019,0,5,1,0,3,4,0,1,0,2
BG_020,1,2,0,1,0,2,1,0,2,1
BG_021,1,0,1,2,0,4,3,0,3,3
BG_023,2,7,1,0,4,2,5,1,2,4
BG_024,5,13,2,3,5,7,0,2,2,5
BG_025,3,7,0,5,1,3,1,1,2,4
BG_029,5,10,2,4,4,8,3,1,1,3
BG_032,0,7,1,4,8,9,7,0,4,2
BG_033,0,9,0,0,6,3,0,1,1,2
BG_034,2,7,0,2,1,4,3,1,3,4
BG_035,2,8,0,1,5,5,1,0,3,4
BG_037,0,6,1,0,2,3,1,0,1,3
BG_038,0,13,1,1,4,7,4,1,3,2
BG_040,1,8,0,2,3,7,3,0,1,2
BG_041,0,6,1,3,3,0,3,0,1,1
BG_042,3,11,0,1,3,9,2,2,2,0
BG_043,3,2,2,4,0,5,5,2,2,3
BG_046,2,5,1,1,2,8,0,0,1,1
BG_047,2,5,0,3,1,5,5,1,3,4
BG_048,2,5,1,1,4,6,0,1,4,3
BG_049,1,4,0,1,3,5,1,0,0,1
BG_050,3,5,0,3,9,4,1,0,3,2
BG_051,0,3,0,4,4,3,0,1,2,4
BG_052,0,0,1,1,1,5,2,0,6,0
BG_054,1,2,1,2,2,2,0,0,4,5
BG_055,4,10,0,1,4,3,1,1,4,3
BG_056,3,6,2,1,5,4,0,2,1,3
BG_057,3,4,0,4,2,6,7,1,5,10
BG_058,4,6,3,2,6,4,3,1,4,3
BG_060,6,6,1,4,4,3,4,0,5,3
BG_063,2,3,0,1,4,6,3,1,1,3
BG_064,1,1,2,0,2,1,3,0,4,1
BG_066,3,7,3,6,8,8,7,0,1,4
BG_067,6,3,1,2,5,10,2,0,5,10
BG_068,2,5,0,1,2,7,2,0,3,2
BG_069,2,11,0,3,5,7,6,1,3,5
BG_070,2,9,1,4,4,8,4,0,10,6
BG_071,1,10,2,5,5,8,9,0,6,7
BG_072,4,9,2,5,3,6,3,1,3,6
BG_073,4,8,5,3,9,11,5,1,1,10
BG_074,2,6,2,0,3,7,3,0,4,3
BG_075,0,8,1,4,2,3,3,1,10,5
BG_076,2,5,0,3,8,6,1,0,3,4
BG_077,5,11,1,2,5,11,1,1,0,5
BG_078,2,3,0,0,6,6,9,1,3,9
BG_079,1,4,1,4,3,1,0,0,2,2
BG_080,4,1,0,3,1,3,1,1,3,3
BG_081,3,6,3,3,3,0,1,1,1,0
BG_082,1,2,0,2,3,6,3,2,2,9
BG_083,1,1,0,3,5,2,3,1,4,4
BG_084,1,5,4,4,1,4,3,0,5,3
BG_085,1,8,1,2,2,2,1,1,2,3
BG_086,3,1,0,2,6,3,0,0,2,1
BG_087,1,8,0,1,4,6,3,2,9,2
BG_088,4,4,2,4,8,5,6,0,9,1
BG_089,4,5,0,6,3,7,1,1,1,5
BG_090,1,3,1,4,1,5,1,1,4,5
BG_091,1,7,2,1,2,2,3,0,2,2
BG_092,1,2,6,6,7,10,7,0,9,5
BG_093,5,5,0,5,7,10,6,1,5,2
BG_094,0,2,0,2,3,3,2,1,2,2
BG_096,2,6,0,4,6,2,4,1,4,2
BG_098,1,7,2,2,3,3,6,1,1,1
BG_099,3,6,0,1,2,2,2,1,1,2
BG_100,4,4,0,6,5,4,5,2,3,3
BG_101,2,5,2,2,0,6,2,1,2,4
BG_102,1,7,0,4,5,3,0,1,4,3
BG_103,3,6,2,3,5,7,3,2,2,7
BG_104,1,3,0,2,5,2,1,0,4,1
BG_105,3,4,0,4,2,4,0,0,0,1
BG_107,1,8,0,2,2,10,3,1,10,2
BG_109,1,5,0,3,6,4,6,0,5,5
BG_110,4,6,1,5,2,4,0,0,3,2
BG_111,3,7,3,1,4,4,4,1,1,4
BG_115,2,9,0,1,1,3,2,1,3,2
BG_116,2,4,1,4,4,4,2,0,3,5
BG_117,0,2,1,0,1,5,1,0,0,2
BG_118,4,2,2,3,1,0,2,0,0,3
BG_120,3,3,0,1,1,3,4,1,2,0
BG_122,1,3,0,2,4,4,7,0,4,5
BG_124,0,3,1,3,2,2,1,2,2,4
BG_125,5,2,0,3,2,3,3,0,2,3
BG_126,2,3,2,2,2,3,7,1,4,4
BG_127,1,5,1,1,1,2,1,1,2,4
BG_128,3,5,3,8,7,5,3,0,7,4
BG_129,4,3,1,2,4,7,0,0,3,2
BG_130,1,4,0,0,0,0,0,0,2,1
BG_131,4,5,2,6,2,3,2,1,1,1
BG_132,0,4,0,3,4,4,0,0,1,2
BG_133,1,4,1,0,2,6,4,3,3,0
BG_135,1,6,2,2,1,3,0,0,3,0
BG_136,1,4,1,3,2,3,0,1,4,4
BG_137,3,0,1,1,1,2,0,0,2,2
BG_138,1,5,0,4,2,0,0,2,4,2
BG_139,2,8,1,3,2,3,1,0,0,2
BG_140,2,7,1,3,2,11,5,1,10,3
BG_141,0,4,0,0,4,7,2,2,2,2
BG_142,1,7,0,2,2,7,1,0,1,1
BG_143,1,1,0,2,1,6,1,1,6,2
BG_144,0,0,0,0,0,1,0,1,2,3
BG_145,0,1,3,0,7,6,2,2,2,9
BG_146,1,3,0,3,3,1,4,1,3,1
BG_147,0,4,0,1,1,2,1,0,1,4
BG_148,2,2,0,7,2,8,2,0,7,6
BG_150,2,5,1,1,1,1,2,1,1,2
BG_151,2,3,0,2,4,3,2,0,2,2
BG_152,4,8,1,5,3,10,2,1,4,3
BG_153,2,3,1,3,6,6,0,2,3,1
BG_154,1,6,1,2,3,3,3,0,4,2
BG_155,0,5,0,3,4,3,3,2,2,7
BG_156,0,5,1,2,0,3,0,0,4,3
BG_158,2,3,1,3,5,3,4,0,2,2
BG_159,6,1,1,4,4,7,2,0,3,2
BG_160,3,3,0,1,3,6,4,0,2,4
BG_161,0,8,1,7,1,9,1,2,4,4
BG_163,2,1,1,3,3,2,1,1,2,0
BG_164,0,0,5,6,1,3,4,1,3,2
BG_165,0,4,9,8,5,10,7,2,1,5
BG_166,1,3,0,0,3,3,2,0,2,2
BG_167,0,5,2,1,4,4,1,1,5,3
BG_169,0,6,6,0,3,9,0,4,1,2
BG_170,1,6,1,6,10,13,4,0,9,1
BG_173,0,4,0,3,2,5,3,2,2,5
BG_175,1,3,1,1,1,5,0,0,5,5
BG_177,0,2,0,1,2,3,0,0,4,2
BG_179,1,4,0,4,3,11,1,0,7,2
BG_180,2,8,0,3,4,2,2,0,5,1
BG_181,2,9,3,3,5,7,2,2,3,3
BG_182,0,1,1,5,3,5,4,0,6,2
BG_183,1,2,1,1,1,2,2,0,5,4
BG_184,2,8,0,4,1,6,2,1,4,2
BG_185,2,2,0,1,3,1,4,0,1,2
BG_186,0,3,0,2,1,10,0,1,5,4
BG_187,3,6,1,0,1,6,6,0,2,5
BG_188,1,10,1,2,3,8,1,0,3,2
BG_189,1,1,0,0,1,3,0,0,2,1
BG_190,1,2,3,2,4,8,2,1,5,4
BG_191,0,7,1,0,3,7,0,0,3,5
BG_193,1,4,1,2,4,6,4,0,7,3
BG_194,4,4,2,3,3,5,8,1,7,3
BG_195,1,0,1,2,3,3,4,0,7,5
BG_196,3,4,0,2,2,4,1,1,2,2
BG_197,2,3,1,4,4,8,2,0,3,8
BG_199,3,2,1,4,1,3,7,0,5,6
BG_200,7,7,0,5,6,4,3,1,8,7
BG_201,5,7,0,3,2,3,2,1,2,1
BG_202,3,6,2,1,5,4,3,1,2,5
BG_204,4,2,1,2,5,2,1,2,0,3
BG_206,3,6,1,4,1,4,5,0,1,3
BG_207,1,3,2,5,3,9,2,0,4,3
BG_208,2,5,4,0,4,6,2,2,1,9
BG_209,2,2,1,6,1,5,7,1,4,2
BG_210,4,3,0,0,2,2,4,0,1,5
BG_211,1,3,1,1,3,6,4,0,0,5
BG_212,5,6,1,0,4,2,3,1,2,10
BG_213,6,11,2,3,5,7,0,2,2,5
BG_214,0,2,0,3,3,3,3,1,1,3
BG_216,3,1,0,3,6,2,0,1,1,2
BG_218,1,7,0,2,2,5,4,1,4,7
BG_220,2,6,1,3,5,8,2,0,6,4
BG_221,5,4,1,2,4,3,8,0,4,3
BG_222,1,3,0,1,4,2,3,1,1,3
BG_223,1,5,4,5,7,4,4,2,0,9
BG_225,3,8,2,3,3,2,5,0,2,6
BG_226,0,6,0,1,3,6,2,2,1,2
BG_M_002,0,7,1,0,3,10,0,0,6,2
BG_M_003,4,4,0,4,4,6,3,0,7,2
BG_M_004,6,6,1,1,4,4,4,1,11,7
BG_M_005,0,2,0,2,1,2,1,0,7,2
BG_M_007,1,3,0,0,2,2,1,0,1,3
BG_M_008,2,2,0,0,2,6,4,0,1,2
BG_M_009,2,6,0,1,3,1,4,0,1,0
BG_M_010,0,6,4,9,3,9,3,0,7,5
BG_M_011,3,3,4,10,9,10,2,0,10,6
BG_M_012,0,0,1,4,3,7,5,0,5,2
BG_M_013,1,3,0,1,2,3,0,0,1,2
BG_M_015,3,3,0,2,1,3,2,0,3,1
BG_M_017,2,6,1,2,2,6,1,0,1,2
BG_M_018,0,3,0,6,2,3,0,0,3,3
BG_M_019,0,4,1,4,3,14,4,0,9,7
BG_M_020,2,2,0,1,3,2,3,1,1,2
BG_M_021,1,6,0,0,1,2,2,0,5,4
BG_M_022,7,7,2,3,4,5,0,1,7,5
BG_M_023,0,4,1,2,1,1,2,0,5,1
BG_M_024,3,6,1,5,5,7,5,0,14,6
BG_M_025,0,9,2,5,4,10,5,0,11,8
BG_M_026,2,10,1,4,2,9,3,0,10,2
BG_M_027,0,2,1,2,2,3,2,0,2,3
BG_M_030,5,12,2,2,6,4,6,0,5,4
BG_M_031,0,9,0,2,6,12,4,0,7,8
BG_M_032,0,3,2,3,5,9,1,0,3,4
BG_M_033,5,5,1,5,1,5,3,0,7,1
BG_M_034,2,5,0,1,3,8,5,0,4,2
DE_003,6,8,0,0,2,6,0,0,1,3
DE_005,0,2,0,4,3,4,3,1,5,3
DE_007,3,4,0,7,2,1,2,1,3,3
DE_008,2,2,3,1,2,2,1,0,8,4
DE_009,5,3,0,0,5,4,1,0,6,0
DE_011,0,5,3,2,2,1,0,0,1,4
DE_013,3,5,1,2,2,1,2,0,7,6
DE_015,2,5,0,2,1,5,2,0,0,4
DE_017,5,3,0,3,2,4,2,0,5,5
DE_018,1,2,0,2,3,4,3,0,4,1
DE_019,2,5,2,0,4,4,3,0,3,8
DE_022,3,3,1,3,1,1,0,1,2,0
DE_023,6,12,5,3,5,4,4,0,7,5
DE_026,6,10,0,2,5,4,0,0,2,4
DE_027,3,4,1,6,4,0,4,1,1,3
DE_028,5,4,2,1,2,3,4,1,1,0
DE_030,1,1,1,5,5,1,1,1,5,1
DE_031,1,3,0,2,3,2,0,1,3,1
DE_032,1,7,0,7,4,4,0,1,4,1
DE_033,2,0,0,3,1,0,5,1,0,0
DE_034,3,5,1,9,3,4,1,1,3,1
DE_037,5,5,1,5,1,2,2,0,4,3
DE_038,3,10,0,1,0,1,2,0,1,2
DE_040,1,4,0,2,2,5,1,0,3,3
DE_042,4,13,1,3,3,14,5,3,3,7
DE_043,1,2,0,3,1,8,6,5,5,3
DE_044,1,5,1,2,4,3,4,2,2,3
DE_046,1,4,2,0,3,3,1,0,2,0
DE_047,2,7,0,1,5,3,2,3,4,9
DE_048,2,4,0,1,3,9,4,0,5,8
DE_050,9,6,0,2,4,1,1,1,2,2
DE_053,7,6,1,6,6,1,2,0,0,3
DE_055,2,4,1,1,2,1,0,0,1,2
DE_056,7,1,0,4,1,0,0,0,0,1
DE_061,0,2,0,7,2,4,0,1,0,2
DE_064,1,6,2,1,5,4,2,2,1,3
DE_065,1,4,1,9,3,6,0,3,4,3
DE_066,1,5,0,1,7,7,2,1,3,1
DE_067,7,4,0,5,2,6,0,1,5,8
DE_068,1,6,0,1,2,5,4,0,3,2
DE_070,1,2,0,1,3,3,1,1,3,8
DE_071,2,13,0,2,6,1,0,0,2,2
DE_072,2,2,0,1,3,2,3,1,2,3
DE_073,4,8,0,2,3,2,1,0,0,0
DE_075,0,1,1,1,3,5,0,0,2,2
DE_077,2,5,0,1,4,3,4,0,8,2
DE_080,5,0,2,1,4,4,6,0,0,5
DE_081,4,1,1,0,8,5,2,1,2,1
DE_082,2,2,0,0,1,5,1,2,6,3
DE_084,3,4,0,9,1,7,1,3,5,0
DE_085,2,0,0,2,0,6,3,2,5,1
DE_086,2,1,0,3,2,4,4,2,5,2
DE_087,0,4,0,5,2,1,1,1,1,2
DE_088,2,2,0,3,7,3,0,0,5,10
DE_093,7,2,1,2,4,4,6,0,2,3
DE_098,3,6,0,1,3,4,1,2,1,0
DE_100,2,5,9,3,5,4,1,1,0,0
DE_101,7,6,2,4,2,3,0,1,2,3
DE_102,0,2,4,2,1,3,3,2,0,0
DE_103,3,1,0,10,3,4,0,3,6,6
DE_104,0,1,0,0,6,8,4,2,2,2
DE_105,0,2,0,12,4,4,3,3,3,2
DE_106,0,5,0,6,1,4,1,0,2,3
DE_108,1,0,1,5,3,1,4,0,7,2
DE_109,3,4,2,4,7,8,3,2,1,2
DE_110,2,1,1,2,3,1,2,0,3,1
DE_111,0,3,1,8,2,2,1,1,7,1
DE_112,0,0,0,6,1,1,2,2,4,1
DE_113,1,2,0,5,2,4,5,2,2,1
DE_115,0,2,0,3,1,7,2,1,5,1
DE_116,1,0,1,1,1,2,2,1,5,3
DE_117,1,6,2,3,7,6,2,3,4,2
DE_119,4,5,0,0,4,3,2,0,1,3
DE_120,0,2,0,4,2,2,0,2,3,0
DE_121,1,4,0,1,1,7,2,1,3,2
DE_123,7,9,1,8,9,8,7,1,9,4
DE_124,9,2,0,1,4,1,3,0,4,2
DE_126,3,4,1,2,3,5,2,1,2,4
DE_127,6,2,0,0,1,2,1,0,1,4
DE_128,5,3,0,1,2,3,2,1,1,4
DE_129,2,4,0,4,5,6,1,1,1,7
DE_130,3,1,1,0,2,1,3,0,0,5
DE_131,3,6,0,0,5,3,1,1,5,5
DE_132,1,4,1,2,2,5,0,1,1,2
DE_133,4,8,0,1,4,4,3,0,1,2
DE_136,0,5,0,1,3,4,1,0,2,4
DE_137,4,5,5,1,4,2,1,1,4,1
DE_140,2,1,3,5,2,2,2,1,2,6
DE_142,1,0,3,0,4,3,0,1,1,2
DE_144,5,2,1,3,5,5,1,2,3,1
DE_145,1,0,1,1,2,0,0,1,0,4
DE_147,5,8,3,7,8,8,4,4,4,11
DE_149,5,9,4,3,8,6,2,1,2,2
DE_150,5,6,0,2,4,6,2,1,4,4
DE_152,1,4,2,1,2,4,1,0,5,7
DE_153,3,8,0,4,5,3,0,0,0,4
DE_154,1,7,2,2,5,2,3,0,4,3
DE_155,2,4,0,3,5,3,1,0,0,4
DE_157,5,5,0,0,2,8,2,1,2,4
DE_158,5,4,1,0,4,4,3,1,0,2
DE_162,3,3,3,2,1,2,2,2,1,5
DE_163,3,7,0,0,4,4,4,1,1,10
DE_166,3,5,0,0,5,4,1,1,5,3
DE_167,1,1,0,0,1,3,0,2,1,2
DE_168,4,3,2,4,3,7,0,1,1,2
DE_170,3,6,6,3,11,9,2,0,2,3
DE_171,3,4,12,4,4,10,1,0,1,2
DE_173,0,2,0,2,3,1,2,0,1,2
DE_174,0,2,0,1,2,1,0,0,0,1
DE_175,1,1,1,0,2,2,3,0,2,0
DE_176,2,0,3,4,2,2,4,3,1,0
DE_177,4,5,1,1,4,2,1,1,1,1
DE_178,2,4,0,6,3,2,0,1,1,3
DE_179,1,1,0,4,0,3,1,1,3,1
DE_180,1,1,1,5,5,6,7,1,6,2
DE_181,0,3,1,0,5,4,2,1,3,2
DE_182,0,2,4,1,1,6,1,1,3,1
DE_189,2,1,0,2,1,1,4,4,2,0
DE_190,1,1,1,4,1,4,5,1,4,1
DE_192,1,4,1,11,2,0,4,1,0,1
DE_193,1,3,3,2,0,4,0,1,3,4
DE_195,1,1,1,4,3,8,3,3,7,2
DE_197,0,1,0,1,2,1,1,0,2,4
DE_198,5,8,0,3,6,8,2,1,0,9
DE_202,0,8,1,2,5,4,0,1,2,2
DE_205,4,0,0,0,2,1,1,0,1,1
DE_206,0,9,1,3,5,8,0,2,0,4
DE_209,3,3,3,3,3,5,9,1,10,4
DE_210,6,2,1,3,6,5,0,3,7,1
DE_211,3,1,5,4,3,7,3,1,4,5
DE_215,0,0,1,5,3,1,2,1,6,1
DE_217,2,4,0,1,7,2,6,1,5,12
DE_219,3,5,2,4,0,2,3,1,3,8
DE_223,3,5,1,4,4,9,2,0,4,2
DE_225,4,4,0,1,7,7,2,0,3,8
DE_226,2,0,2,1,2,2,4,1,2,3
DE_227,2,4,0,0,7,10,4,0,3,2
DE_229,1,9,0,6,2,1,0,2,3,6
DE_230,3,16,1,4,7,7,0,0,6,6
DE_233,4,5,0,4,2,2,0,0,3,6
DE_234,5,4,0,1,2,1,5,1,2,5
DE_236,4,1,0,2,2,4,2,0,8,3
DE_237,0,0,0,0,2,2,5,2,2,7
DE_238,2,5,0,3,4,2,2,0,1,1
DE_239,2,6,1,3,2,4,5,0,3,2
DE_240,3,2,0,2,3,4,1,0,3,0
DE_241,0,1,1,5,5,7,2,0,5,4
DE_242,2,2,1,1,6,3,1,1,5,0
DE_243,1,4,1,1,2,4,1,0,4,6
DE_246,1,4,0,4,1,6,2,0,1,3
DE_249,2,3,1,1,3,3,5,2,3,4
DE_253,2,2,1,4,5,3,2,0,6,4
DE_254,2,1,0,0,3,3,1,0,1,3
DE_255,7,3,1,2,2,2,2,0,3,2
DE_256,1,4,1,4,3,2,2,1,4,10
DE_257,0,3,1,0,1,0,0,0,2,6
DE_263,5,3,0,2,0,2,0,0,2,6
DE_265,1,4,0,3,0,2,2,0,0,2
DE_268,4,3,0,5,3,2,4,0,6,5
DE_271,4,2,0,8,0,3,2,1,2,5
DE_272,3,7,1,2,9,2,0,1,3,5
DE_273,1,6,0,0,6,2,0,2,2,3
DE_274,0,2,0,2,5,8,3,0,2,2
DE_276,4,6,0,4,5,1,1,0,5,2
DE_277,2,6,0,1,2,6,2,1,1,2
DE_278,0,4,0,2,6,4,1,1,5,0
DE_279,2,8,1,1,6,6,2,2,3,2
DE_281,4,6,1,3,3,1,7,3,6,5
DE_285,1,8,0,1,1,2,2,4,4,2
DE_289,2,4,2,3,10,4,2,2,2,3
DE_290,2,0,1,2,1,2,1,1,4,1
DE_291,1,3,0,3,3,6,2,1,5,4
DE_293,3,5,0,2,10,6,2,5,3,8
DE_295,2,5,0,2,4,5,0,2,5,4
DE_297,0,1,1,2,3,4,0,1,4,3
DE_298,2,4,0,4,1,4,0,2,8,5
DE_299,0,2,1,2,0,1,2,2,11,2
DE_301,1,3,1,3,2,3,1,0,9,5
DE_M_001,4,7,2,6,8,5,5,1,11,4
DE_M_002,2,9,2,13,8,19,6,2,10,5
DE_M_003,4,16,4,9,9,16,4,0,11,4
DE_M_004,5,9,0,5,10,4,1,1,11,3
DE_M_007,2,14,0,4,9,10,8,1,7,6
DE_M_008,2,8,5,5,4,17,9,0,10,7
DE_M_009,5,11,4,9,9,7,6,2,11,8
DE_M_010,6,18,1,4,5,6,2,0,2,8
DE_M_011,9,10,2,5,8,7,8,0,6,5
DE_M_012,5,4,3,4,9,15,5,1,17,7
DE_M_013,1,5,2,11,9,15,4,1,14,1
DE_M_015,9,8,2,3,7,3,3,2,6,5
DE_M_016,2,3,1,4,4,3,4,1,6,6
DE_M_018,2,8,1,3,5,17,4,0,16,4
DE_M_019,4,18,3,7,11,8,4,2,2,9
DE_M_021,4,12,1,7,11,13,7,0,7,8
DE_M_022,1,6,1,8,6,12,7,1,17,9
DE_M_023,4,17,3,11,10,11,5,0,7,5
DE_M_024,7,15,2,5,6,1,2,0,5,2
DE_M_025,3,5,1,8,7,8,6,0,11,8
DE_M_027,0,8,2,2,10,9,4,0,6,4
DE_M_028,6,10,1,7,10,6,3,2,6,6
DE_M_030,9,11,1,1,13,6,4,0,1,8
DE_M_031,2,10,2,3,13,6,4,0,6,14
DE_M_032,2,3,0,1,2,2,0,0,4,2
DE_M_034,3,9,2,3,2,6,0,1,5,7
DE_M_035,0,5,0,0,5,0,5,0,2,2
DE_M_036,5,11,0,2,4,8,0,1,17,6
DE_M_037,1,7,2,4,7,14,6,1,15,7
DE_M_038,3,17,4,7,8,10,0,1,6,10
DE_M_039,9,9,1,5,6,6,5,1,14,8
DE_M_040,1,5,1,1,8,10,2,1,8,6
EL_001,2,1,0,2,1,5,3,0,0,2
EL_002,0,2,0,4,1,0,8,2,0,3
EL_003,2,2,0,2,4,4,4,1,1,1
EL_004,0,2,0,2,1,3,2,0,2,5
EL_006,4,5,0,2,3,3,2,1,0,3
EL_007,0,1,0,0,1,1,4,0,1,0
EL_008,1,3,0,2,1,5,2,3,4,6
EL_009,4,7,5,6,2,5,3,0,0,3
EL_011,1,1,1,1,1,2,2,0,0,1
EL_012,3,3,4,3,2,3,1,0,1,2
EL_013,2,3,0,0,0,2,2,0,2,3
EL_015,3,3,0,2,3,5,8,1,1,2
EL_017,0,1,0,6,3,8,0,0,2,2
EL_018,0,2,0,5,0,3,0,0,1,3
EL_019,2,4,0,3,0,3,0,0,8,5
EL_020,0,1,1,6,2,3,3,0,4,5
EL_023,1,2,0,2,1,5,5,2,6,1
EL_024,0,3,1,0,1,2,3,0,4,2
EL_025,0,1,1,2,0,1,2,2,1,0
EL_026,2,2,0,0,0,3,2,1,2,1
EL_027,3,1,0,0,1,1,0,0,2,2
EL_029,3,3,3,1,4,4,2,1,5,2
EL_030,2,2,1,8,0,2,1,2,0,1
EL_031,1,4,0,0,2,4,0,0,1,3
EL_032,1,4,2,1,1,3,0,3,6,2
EL_034,1,3,1,2,3,6,2,3,1,1
EL_036,1,4,0,6,3,0,5,0,10,3
EL_037,0,4,3,0,2,4,3,0,0,0
EL_038,4,7,0,4,2,4,2,1,2,7
EL_039,3,5,0,3,0,3,2,0,0,3
EL_040,0,4,1,2,1,5,0,0,1,0
EL_041,0,5,2,0,6,7,1,0,10,1
EL_042,3,9,1,2,3,8,3,0,4,4
EL_043,0,2,0,1,4,6,2,0,2,4
EL_044,3,4,0,0,4,6,6,0,4,3
EL_045,0,5,0,2,2,2,4,0,0,3
EL_047,4,6,0,1,1,1,4,0,5,3
EL_048,2,2,1,7,9,5,5,0,7,2
EL_049,2,6,3,4,4,3,1,0,4,8
EL_050,1,1,0,3,4,1,3,0,2,3
EL_051,4,2,0,1,1,2,0,0,0,4
EL_052,3,7,0,3,3,2,1,1,2,3
EL_053,2,1,0,2,5,4,2,1,1,3
EL_054,3,0,0,0,0,1,5,1,4,4
EL_056,7,3,0,1,1,2,0,2,3,2
EL_057,4,3,0,0,3,0,3,0,5,1
EL_058,6,0,1,1,2,7,6,0,1,10
EL_059,0,0,2,1,3,3,2,1,5,6
EL_060,3,6,0,3,5,7,7,0,2,5
EL_061,4,1,3,2,4,5,2,0,2,4
EL_063,3,10,1,4,10,9,3,0,1,8
EL_064,4,2,1,3,2,4,3,1,0,6
EL_065,2,1,0,1,3,2,3,0,1,2
EL_066,0,1,0,4,9,3,4,0,3,3
EL_067,8,9,0,2,3,4,7,1,1,0
EL_068,2,7,0,1,4,3,7,0,2,5
EL_070,0,13,0,1,7,1,1,0,1,7
EL_073,2,5,0,0,2,5,0,0,2,3
EL_074,2,1,0,0,2,4,0,1,1,2
EL_077,0,2,0,2,2,7,6,0,1,5
EL_079,4,6,1,1,4,3,1,0,0,5
EL_082,2,3,0,3,4,5,5,1,1,2
EL_083,1,8,0,2,4,3,0,0,5,6
EL_084,3,3,0,3,3,3,0,1,0,1
EL_086,1,2,1,4,4,2,4,0,3,3
EL_087,1,5,1,0,4,3,0,1,2,5
EL_088,1,0,1,2,4,10,4,3,6,4
EL_090,1,0,0,1,2,2,3,0,3,3
EL_091,3,3,1,2,2,3,5,0,2,4
EL_092,1,10,0,4,4,6,0,1,3,3
EL_094,2,4,1,1,6,3,6,0,8,3
EL_095,4,5,0,0,5,0,0,1,1,3
EL_096,2,1,0,3,3,0,0,1,0,0
EL_097,3,6,2,1,7,8,0,0,7,3
EL_099,4,6,0,3,1,4,0,0,3,4
EL_100,4,3,1,2,2,2,0,0,2,2
EL_101,3,3,1,1,4,6,1,0,2,6
EL_102,5,6,3,0,1,2,2,1,3,2
EL_103,3,4,8,1,3,4,2,0,1,1
EL_104,5,2,0,0,2,1,2,0,0,1
EL_106,5,3,1,4,2,7,12,1,3,6
EL_107,5,6,1,4,6,5,1,0,2,3
EL_108,2,7,0,0,0,0,3,0,1,3
EL_110,2,4,0,4,3,4,5,1,1,4
EL_112,1,6,0,0,6,4,3,0,2,1
EL_114,0,3,1,1,4,3,2,4,6,3
EL_115,2,0,1,0,2,3,0,2,4,1
EL_116,0,4,1,0,1,4,7,0,1,1
EL_117,2,6,0,0,6,5,5,0,2,0
EL_118,5,2,1,1,3,4,3,0,3,2
EL_119,1,0,0,0,0,0,1,0,0,0
EL_120,1,6,0,1,2,4,0,0,1,2
EL_122,0,3,1,4,5,11,0,1,1,1
EL_123,1,0,1,0,2,1,1,0,3,4
EL_124,0,3,1,0,2,2,0,0,4,3
EL_125,1,2,2,3,6,6,0,0,3,8
EL_127,4,3,1,2,0,3,9,1,1,4
EL_128,1,3,0,2,3,4,7,1,4,5
EL_129,2,5,0,1,3,2,2,1,3,5
EL_131,4,1,0,1,4,2,2,0,3,5
EL_132,2,5,1,0,3,2,2,0,2,2
EL_133,1,0,1,2,1,5,0,0,3,1
EL_135,1,4,1,8,1,9,11,1,5,4
EL_136,7,5,0,1,1,5,0,0,2,4
EL_137,3,4,0,3,4,5,2,1,2,0
EL_138,3,3,2,4,2,0,3,1,4,4
EL_139,2,1,0,4,2,8,0,0,3,0
EL_140,1,14,0,4,6,7,0,1,2,2
EL_143,0,4,0,1,0,8,1,0,1,5
EL_144,1,8,0,3,1,3,8,0,3,7
EL_147,3,3,1,0,3,1,2,0,1,7
EL_148,0,0,0,2,2,2,3,1,1,3
EL_150,9,4,0,1,2,6,7,1,3,4
EL_151,4,2,0,2,3,2,0,0,1,2
EL_152,0,8,4,1,2,4,2,1,1,7
EL_155,1,6,5,1,4,5,0,0,0,5
EL_156,0,2,0,3,2,8,2,1,1,2
EL_157,5,5,0,3,4,5,4,0,2,4
EL_159,7,3,1,4,6,3,6,1,5,5
EL_160,1,1,0,4,0,2,2,3,0,1
EL_161,0,3,0,8,2,4,2,1,2,1
EL_162,0,2,1,0,1,2,4,1,4,3
EL_163,4,3,0,2,0,2,0,0,0,0
EL_164,2,8,0,2,1,4,3,0,3,1
EL_165,1,4,0,0,4,2,0,0,3,2
EL_166,4,5,2,1,4,5,2,1,0,6
EL_167,3,4,0,3,1,3,1,0,1,6
EL_168,1,6,3,3,3,10,0,0,3,6
EL_169,1,0,0,2,1,3,1,0,0,0
EL_172,2,3,1,1,2,8,0,3,2,0
EL_173,0,2,2,1,3,4,1,0,2,3
EL_174,1,1,0,5,0,2,4,1,2,3
EL_175,2,2,1,2,4,3,4,0,7,2
EL_176,1,5,1,2,3,6,2,0,6,3
EL_177,3,5,1,2,3,4,5,1,5,2
EL_178,1,6,1,1,2,2,6,0,4,1
EL_179,0,6,0,5,3,1,1,0,6,4
EL_180,2,7,1,3,4,8,7,0,7,0
EL_181,6,6,0,3,1,3,1,3,0,1
EL_182,0,3,4,1,3,12,5,4,6,2
EL_183,2,2,1,2,2,5,4,1,4,3
EL_184,1,2,1,1,0,0,3,0,1,4
EL_185,4,3,0,2,7,3,1,1,1,3
EL_186,4,6,0,2,4,6,2,0,2,2
EL_187,1,3,0,0,0,2,3,1,2,2
EL_188,1,2,1,2,3,1,1,1,5,3
EL_189,1,10,0,4,4,3,6,0,6,6
EL_190,0,1,0,5,3,7,5,2,6,0
EL_191,1,1,2,2,2,1,2,0,0,4
EL_192,0,0,0,0,1,3,3,0,0,1
EL_193,6,1,0,2,3,2,4,0,1,8
EL_194,5,2,3,1,0,1,2,0,0,0
EL_196,0,2,1,1,1,2,2,0,3,2
EL_197,4,3,1,2,2,2,3,0,3,4
EL_198,3,4,0,7,8,5,3,2,3,2
EL_199,0,0,0,3,2,0,0,0,0,0
EL_200,0,6,0,0,2,2,0,3,0,6
EL_201,1,2,1,6,4,6,0,0,3,0
EL_202,2,1,0,1,3,5,7,0,4,5
EL_203,2,0,0,4,5,0,2,1,0,2
EL_204,1,0,0,4,5,1,3,0,4,1
EL_205,1,2,0,2,2,2,1,0,0,3
EL_207,6,3,0,4,2,3,5,0,1,9
EL_209,1,2,0,1,3,5,3,0,1,4
EL_210,0,4,0,1,4,7,5,2,3,2
EL_211,3,0,0,0,1,5,4,1,3,2
EL_212,3,3,1,1,2,2,2,0,3,1
EL_213,1,2,0,0,4,3,0,0,0,3
EL_214,0,1,0,2,0,3,3,0,2,3
EL_215,9,8,0,0,3,1,6,1,3,4
EL_217,3,7,0,1,0,4,7,0,5,3
EL_219,1,2,0,1,1,1,0,1,1,4
EL_220,1,3,0,3,3,2,2,0,4,8
EL_221,1,1,0,0,1,2,0,1,0,3
EL_222,1,4,0,1,2,5,0,0,1,5
EL_223,1,4,2,2,3,1,1,0,4,5
EL_224,1,4,0,2,6,5,5,0,3,2
EL_225,2,3,0,1,5,7,3,0,2,7
EL_226,5,10,1,4,5,6,3,1,3,2
EL_227,4,2,0,2,2,4,1,0,0,3
EL_228,4,5,5,2,9,4,0,0,2,3
EL_229,5,5,0,1,5,5,2,0,1,2
EL_230,4,4,3,1,3,10,3,0,4,7
EL_231,4,8,0,3,6,6,2,0,2,2
EL_232,1,8,0,2,5,1,3,1,2,4
EL_233,0,1,1,2,2,1,3,1,2,1
EL_234,3,7,1,1,4,2,1,2,0,2
EL_236,2,7,1,0,7,10,1,2,2,1
EL_237,1,5,1,2,5,7,2,1,3,0
EL_238,2,1,0,2,0,4,6,0,4,0
EL_240,3,5,1,1,2,1,3,0,1,1
EL_241,2,7,2,1,4,1,5,0,0,3
EL_242,0,4,0,1,7,6,0,1,2,7
EL_244,0,1,0,2,10,7,2,0,3,1
EL_245,4,5,0,1,2,3,3,1,1,3
EL_247,1,4,0,0,2,0,2,0,1,1
EL_248,3,5,2,1,6,5,3,0,0,1
EL_249,1,1,0,0,2,2,2,2,1,4
EL_250,1,1,0,2,2,2,0,1,1,4
EL_252,2,5,0,4,1,1,2,1,2,2
EL_253,3,1,0,1,2,0,6,0,1,3
EL_254,0,2,0,1,2,5,1,0,6,0
EL_255,1,0,0,3,5,8,2,2,4,2
EL_257,0,1,2,1,3,5,3,1,10,3
EL_258,5,4,0,1,4,2,0,0,0,3
EL_260,4,3,1,2,1,1,4,1,1,5
EL_261,1,1,2,0,3,4,0,0,0,2
EL_262,0,6,0,2,1,3,3,0,3,9
EL_263,1,2,0,2,5,6,1,0,5,1
EL_264,4,4,1,1,3,2,3,0,1,0
EL_265,0,3,1,2,2,4,1,0,9,6
EL_266,1,1,0,1,2,2,4,0,2,3
EL_268,2,6,0,2,0,3,2,0,1,5
EL_269,2,6,4,5,4,4,3,1,3,4
EL_270,6,4,0,4,7,4,2,1,1,1
EL_271,1,6,0,3,1,1,1,0,1,5
EL_272,0,1,0,2,2,2,2,0,2,3
EL_273,2,6,0,3,10,9,4,1,5,7
EL_275,4,7,0,1,2,5,4,0,0,4
EL_276,1,4,0,4,3,3,1,0,4,2
EL_277,5,3,2,2,5,5,4,1,3,4
EL_278,2,10,2,1,6,5,1,3,2,2
EL_279,3,10,1,2,9,6,2,1,1,3
EL_280,1,7,0,0,4,7,0,0,2,4
EL_281,5,13,1,3,8,10,4,0,3,5
EL_283,2,1,3,0,0,3,2,0,2,6
EL_284,3,3,0,4,2,3,3,0,1,4
EL_285,2,6,1,3,2,1,2,0,1,3
EL_286,3,9,0,5,4,4,1,1,5,4
EL_287,2,2,0,3,3,6,0,0,4,1
EL_289,4,3,0,4,2,2,0,0,0,1
EL_290,4,5,1,4,5,2,2,0,3,11
EL_291,0,1,1,0,5,0,2,0,2,0
EL_292,1,0,0,2,3,3,0,0,1,6
EL_293,2,7,0,4,4,2,0,1,2,4
EL_294,0,1,0,4,2,0,0,3,0,1
EL_295,3,2,1,2,2,8,4,1,1,5
EL_297,2,5,0,0,3,7,4,1,0,3
EL_300,1,3,0,0,3,1,2,0,0,0
EL_M_001,7,11,2,4,6,6,1,1,8,11
EL_M_002,2,4,7,2,3,8,2,1,5,8
EL_M_003,3,9,0,6,4,1,0,0,4,5
EL_M_004,1,5,0,2,1,8,2,0,3,6
EL_M_005,1,5,1,2,5,8,1,0,4,5
EL_M_006,2,5,1,2,7,3,3,0,9,5
EL_M_007,6,5,0,3,10,5,3,1,11,9
EL_M_008,6,6,1,4,6,3,2,0,4,7
EL_M_009,2,6,1,1,4,6,3,0,3,3
EL_M_010,2,6,0,3,8,3,0,0,5,12
EL_M_011,1,7,0,4,4,7,2,0,8,5
EL_M_012,4,8,0,2,3,7,3,0,8,6
EL_M_015,0,5,3,2,2,10,2,2,4,0
EL_M_016,1,1,1,2,1,6,3,0,4,4
EL_M_019,4,2,3,6,7,2,6,2,4,4
EL_M_020,5,7,0,4,7,5,4,0,4,10
EL_M_021,2,5,0,1,9,3,3,0,5,3
EL_M_024,2,4,0,2,2,6,4,0,3,10
EL_M_025,2,6,0,3,4,4,5,2,2,4
EL_M_026,8,4,0,1,2,3,5,0,5,7
EL_M_027,4,8,0,2,6,5,7,2,6,9
EL_M_028,0,6,0,6,4,7,5,1,5,13
EL_M_029,3,5,1,2,4,5,0,3,8,8
EL_M_030,0,4,1,1,7,7,7,0,8,5
EN_001,1,10,1,6,8,0,6,3,6,2
EN_003,2,4,4,7,5,6,1,2,3,2
EN_004,5,3,0,4,3,11,4,0,2,8
EN_005,1,0,1,0,7,7,0,1,0,5
EN_006,0,2,0,1,2,3,1,0,4,0
EN_007,3,5,0,3,3,1,4,2,3,1
EN_009,4,4,1,0,1,6,1,1,1,1
EN_010,2,3,0,1,1,9,0,1,4,4
EN_011,6,3,1,5,3,3,0,0,2,8
EN_012,2,5,2,2,1,7,3,1,3,5
EN_013,4,7,1,1,4,8,1,1,1,7
EN_014,5,3,1,1,4,2,4,0,1,2
EN_015,4,2,3,6,10,8,7,1,4,4
EN_016,1,3,0,2,2,2,2,2,5,4
EN_017,1,2,0,1,5,9,6,0,10,5
EN_018,5,12,2,1,4,4,2,1,4,5
EN_019,0,3,3,3,4,6,1,4,4,3
EN_020,0,1,1,3,2,2,0,2,7,7
EN_022,1,0,3,2,0,1,1,0,1,6
EN_023,3,9,1,5,1,0,0,1,3,3
EN_024,0,2,0,0,1,1,0,1,2,3
EN_025,3,3,2,5,5,3,3,1,1,3
EN_026,1,0,0,2,1,1,1,0,6,7
EN_027,1,3,0,4,2,1,1,0,2,4
EN_028,1,4,1,0,1,0,0,0,3,3
EN_030,4,0,1,3,2,0,0,0,2,1
EN_032,2,5,1,1,2,1,4,0,5,3
EN_033,3,5,1,3,4,6,3,1,1,3
EN_035,0,2,0,2,3,2,2,0,3,5
EN_036,2,2,0,2,3,2,2,0,1,4
EN_037,8,5,0,7,5,8,1,1,0,3
EN_038,1,1,0,1,1,1,0,0,0,0
EN_039,0,0,1,1,2,4,3,1,2,0
EN_040,0,2,2,0,0,6,1,0,1,2
EN_041,1,5,1,1,3,2,3,1,2,4
EN_042,3,1,0,0,2,2,3,0,0,1
EN_043,7,7,1,2,8,3,3,0,5,2
EN_045,5,6,0,0,6,6,2,0,3,2
EN_047,4,2,0,3,2,2,4,1,4,3
EN_048,3,4,1,3,3,4,0,0,0,1
EN_050,2,3,0,4,5,5,0,0,2,6
EN_051,2,1,1,2,2,3,1,0,2,3
EN_053,2,2,0,1,0,1,1,0,0,0
EN_054,1,6,1,4,5,5,0,0,1,0
EN_055,4,2,0,2,3,1,5,2,1,2
EN_056,4,8,3,3,4,4,3,1,0,5
EN_057,4,3,0,1,0,9,2,0,0,5
EN_058,1,2,0,5,2,6,2,0,0,5
EN_059,2,5,0,1,1,4,0,0,1,2
EN_060,4,8,0,2,1,2,3,0,1,3
EN_061,1,1,0,2,2,2,3,1,0,3
EN_062,3,3,1,6,3,4,2,1,3,3
EN_063,6,2,0,2,3,7,4,0,4,5
EN_064,6,1,1,2,2,3,2,1,0,4
EN_065,4,3,1,5,2,10,2,0,1,3
EN_066,2,1,1,4,1,9,2,1,0,7
EN_067,2,5,0,2,3,8,4,0,4,8
EN_068,2,2,1,1,7,2,0,0,1,4
EN_069,2,7,0,2,2,8,3,0,2,3
EN_070,2,1,0,1,1,1,1,0,1,2
EN_071,0,6,1,5,5,7,1,1,1,3
EN_073,7,8,1,3,3,11,4,0,3,4
EN_074,1,0,4,2,4,2,3,1,0,3
EN_075,3,2,1,1,4,6,3,1,1,2
EN_076,1,4,1,6,2,2,0,0,1,4
EN_077,3,1,1,1,2,1,1,0,3,1
EN_080,3,1,0,3,5,7,3,1,3,5
EN_081,3,0,0,0,1,2,1,0,0,2
EN_082,6,6,1,2,4,2,5,0,3,4
EN_083,1,9,1,5,8,11,0,0,1,1
EN_084,3,1,1,1,2,3,0,0,0,2
EN_085,0,3,3,3,5,5,6,1,6,8
EN_087,1,13,4,1,5,1,1,0,3,1
EN_089,2,4,0,3,5,4,2,2,2,2
EN_090,4,1,0,3,6,7,4,0,0,3
EN_091,1,3,1,2,2,7,1,0,3,5
EN_092,0,6,0,1,3,7,2,1,3,4
EN_093,2,3,1,1,1,3,1,0,0,4
EN_094,2,5,0,3,1,13,2,1,4,2
EN_095,1,6,1,4,2,4,8,0,7,2
EN_096,3,7,0,8,2,7,2,0,3,2
EN_099,2,0,0,3,4,3,1,0,1,1
EN_100,3,4,0,1,4,3,3,1,3,6
EN_101,0,0,0,0,2,2,0,1,0,1
EN_103,3,4,0,0,3,4,0,0,0,1
EN_104,1,2,1,0,4,1,3,0,2,4
EN_105,4,3,1,5,8,6,3,2,1,3
EN_106,1,1,1,3,1,7,3,0,4,2
EN_107,1,3,0,2,2,4,1,1,9,7
EN_112,2,4,1,1,6,4,3,1,1,3
EN_113,0,0,0,0,0,3,5,0,2,0
EN_114,1,0,0,6,4,10,3,1,5,0
EN_115,3,5,1,0,4,4,1,0,5,4
EN_116,1,2,1,0,2,5,2,0,2,0
EN_117,4,1,0,8,4,4,5,0,7,3
EN_118,0,1,0,1,1,2,0,2,6,0
EN_119,0,2,1,2,3,10,1,2,1,4
EN_120,0,2,1,3,3,7,4,0,5,0
EN_121,0,3,0,0,3,3,0,0,3,1
EN_124,2,0,1,0,4,5,0,1,1,3
EN_125,1,0,0,8,4,9,0,1,2,2
EN_127,2,6,1,0,2,2,2,0,7,3
EN_128,0,6,2,0,2,2,1,1,3,5
EN_129,1,2,2,1,1,1,0,0,3,0
EN_130,4,0,1,0,5,2,2,0,2,3
EN_132,2,2,0,2,5,1,3,1,2,7
EN_133,4,6,0,0,0,5,3,0,3,1
EN_134,1,17,0,2,4,8,2,0,3,7
EN_135,1,2,1,1,1,0,2,1,1,1
EN_136,0,0,5,3,2,1,1,0,1,1
EN_137,1,3,0,1,4,4,0,0,4,1
EN_138,6,5,2,4,8,4,0,1,2,3
EN_139,3,7,2,1,2,8,3,0,3,8
EN_140,2,4,0,1,6,8,0,2,4,1
EN_141,1,3,7,3,5,1,1,3,2,3
EN_142,4,4,0,1,3,0,1,1,2,2
EN_143,3,0,1,5,4,6,1,1,1,1
EN_144,3,2,1,1,4,5,1,1,0,4
EN_145,3,5,1,2,5,0,0,1,0,2
EN_146,2,2,1,6,6,7,2,0,2,6
EN_147,1,4,0,0,1,4,1,0,1,2
EN_148,1,4,0,4,0,3,0,1,3,7
EN_149,4,8,0,6,3,2,1,1,1,2
EN_150,3,5,0,3,1,2,1,0,0,4
EN_152,1,1,2,3,5,6,0,1,1,6
EN_153,3,2,0,1,7,6,1,0,3,5
EN_154,1,2,0,3,3,2,3,0,2,1
EN_155,1,3,0,2,3,9,1,0,0,2
EN_156,0,1,1,2,3,8,0,1,0,1
EN_157,5,8,2,4,2,3,6,1,2,5
EN_158,4,0,0,3,1,0,0,0,0,0
EN_159,1,2,2,4,1,0,1,0,0,3
EN_161,2,10,0,0,4,1,3,2,3,3
EN_163,4,2,0,3,3,2,1,0,3,3
EN_164,4,1,0,1,2,0,1,0,1,2
EN_165,2,3,0,2,4,5,0,0,2,5
EN_166,2,3,1,5,5,2,0,0,1,1
EN_168,4,5,0,2,2,1,0,0,0,2
EN_169,1,3,1,5,3,2,3,0,0,0
EN_171,5,5,0,4,0,2,5,0,0,2
EN_172,2,4,1,1,2,8,1,1,0,3
EN_173,0,2,0,5,3,2,0,0,2,1
EN_175,3,0,1,3,6,5,2,1,0,0
EN_177,1,10,0,2,3,4,2,0,0,2
EN_178,1,2,1,8,2,3,1,0,1,7
EN_181,2,10,0,3,3,2,2,2,4,0
EN_183,2,0,1,2,0,5,6,0,1,1
EN_184,3,3,0,0,3,0,0,0,2,2
EN_185,3,1,0,3,5,5,2,1,0,0
EN_188,1,7,0,0,5,6,3,2,5,1
EN_189,2,1,0,4,3,7,0,1,0,3
EN_190,0,3,1,1,3,5,4,0,0,2
EN_191,0,1,0,1,2,5,1,0,0,1
EN_192,0,3,1,1,1,1,0,0,0,2
EN_194,4,0,1,7,3,6,1,0,0,1
EN_196,1,0,0,1,0,1,1,2,2,2
EN_198,0,0,0,1,3,3,1,1,2,0
EN_200,0,3,10,3,7,3,1,2,1,2
EN_201,2,1,0,0,3,1,1,2,2,5
EN_202,2,1,1,1,1,5,0,0,1,3
EN_203,3,3,0,0,0,0,0,0,1,2
EN_204,4,3,1,3,3,5,2,0,0,2
EN_205,4,6,0,1,2,7,2,2,2,2
EN_206,4,6,0,1,4,2,2,0,2,6
EN_207,1,0,1,3,5,3,0,0,1,3
EN_208,1,1,0,6,3,8,4,2,0,0
EN_211,8,1,0,2,0,2,2,0,0,1
EN_212,1,1,2,1,6,3,1,1,1,2
EN_215,0,5,0,3,5,5,3,1,2,4
EN_216,2,8,2,8,1,3,2,2,0,7
EN_218,1,8,1,5,3,6,2,2,4,0
EN_219,2,4,1,4,6,7,1,1,1,8
EN_220,2,10,1,0,3,3,0,2,0,4
EN_221,0,1,0,1,1,1,2,0,6,0
EN_222,1,5,1,3,2,3,1,1,1,7
EN_223,6,11,5,4,7,2,6,1,2,5
EN_224,0,7,0,0,3,6,6,1,1,3
EN_225,2,4,0,3,2,3,2,0,2,2
EN_226,3,7,0,2,1,7,3,0,2,4
EN_227,1,3,3,0,3,1,2,0,4,0
EN_228,0,5,1,1,1,7,0,0,4,0
EN_229,1,3,1,4,1,6,0,1,3,3
EN_230,1,1,0,1,2,2,2,0,2,4
EN_232,0,3,2,2,1,2,4,0,7,5
EN_233,2,3,2,0,4,4,4,0,4,7
EN_237,1,7,2,1,4,1,2,1,4,6
EN_238,4,6,0,2,2,5,2,0,1,3
EN_240,3,8,0,0,4,7,1,0,0,4
EN_241,4,1,0,3,5,5,3,1,3,5
EN_243,2,1,0,0,2,3,1,1,2,9
EN_244,1,1,0,2,1,4,1,1,7,5
EN_245,3,2,1,2,1,5,4,1,2,8
EN_246,1,0,1,0,1,3,1,2,4,2
EN_247,4,3,1,0,2,2,3,1,3,6
EN_248,0,5,0,5,1,5,2,2,4,5
EN_252,1,4,0,2,2,8,4,0,3,5
EN_254,1,3,1,2,4,6,1,0,6,4
EN_255,4,4,0,0,0,2,3,0,1,8
EN_256,0,0,1,2,1,3,3,1,3,10
EN_257,0,3,0,0,2,5,1,0,5,7
EN_258,3,1,0,2,2,1,1,1,5,5
EN_259,1,1,0,1,1,0,0,0,2,6
EN_260,1,4,0,6,5,3,2,0,1,6
EN_261,6,3,1,2,8,3,2,1,2,5
EN_262,2,2,1,0,2,2,3,1,6,4
EN_264,1,4,0,4,4,4,3,0,3,3
EN_265,2,7,2,4,5,3,2,1,3,3
EN_266,1,5,0,3,1,4,2,0,0,1
EN_267,2,3,0,1,0,3,3,1,0,1
EN_269,3,3,3,4,2,2,0,0,2,5
EN_270,5,5,0,0,2,4,0,0,3,3
EN_271,3,5,0,3,1,4,0,0,4,4
EN_273,5,8,1,4,2,4,3,1,1,1
EN_274,2,3,1,6,2,3,0,1,4,4
EN_276,2,2,2,12,1,2,1,1,4,0
EN_277,7,5,0,2,1,6,2,1,2,2
EN_279,6,7,0,6,1,5,0,1,3,3
EN_280,2,2,1,7,2,3,4,0,2,2
EN_281,6,1,2,4,2,1,2,0,1,6
EN_282,6,3,1,2,2,2,1,0,0,2
EN_284,1,2,2,3,3,1,3,0,1,1
EN_285,4,4,1,1,2,4,0,1,0,1
EN_288,1,3,0,3,1,1,2,0,1,0
EN_289,2,3,0,4,2,2,0,0,3,2
EN_290,4,4,0,2,4,6,1,2,3,4
EN_293,2,6,0,4,3,6,1,0,1,2
EN_295,3,2,1,4,5,3,0,0,3,1
EN_297,4,4,0,5,1,1,2,0,2,3
EN_298,4,2,3,4,1,6,3,0,1,3
EN_299,2,4,0,4,4,3,0,0,1,3
EN_300,0,3,0,1,3,1,2,0,2,2
EN_301,3,1,0,3,2,3,2,0,7,1
EN_305,2,1,0,4,5,3,1,0,1,2
EN_306,1,0,0,0,2,0,0,0,1,0
EN_307,3,1,5,1,0,5,3,0,0,4
EN_308,0,0,0,1,1,6,0,0,0,4
EN_309,0,0,0,1,1,1,0,0,1,1
EN_310,0,4,1,0,2,2,0,0,1,1
EN_311,1,3,0,2,7,5,2,0,2,4
EN_312,8,9,0,2,3,5,7,0,3,5
EN_314,4,2,1,0,1,8,4,0,1,2
EN_315,4,2,0,7,2,8,1,0,3,3
EN_317,8,1,0,3,3,6,6,2,2,7
EN_318,5,7,0,5,2,1,0,0,0,1
EN_319,1,3,2,3,6,4,1,0,3,7
EN_320,3,1,0,1,2,4,6,1,6,7
EN_321,3,1,0,2,2,5,3,2,2,1
EN_324,5,5,1,2,2,2,1,1,0,2
EN_325,1,4,0,2,4,1,0,0,1,0
EN_326,1,4,1,1,2,3,1,2,1,2
EN_327,6,4,2,4,2,4,0,0,1,0
EN_328,0,1,0,2,6,3,2,0,1,5
EN_329,1,6,0,3,4,0,3,1,3,1
EN_330,3,3,1,5,3,7,5,1,1,2
EN_331,5,2,1,4,4,7,3,1,2,0
EN_333,0,3,2,4,4,5,0,0,2,3
EN_334,1,3,2,2,4,0,1,2,1,1
EN_336,1,8,0,4,4,3,0,0,1,6
EN_337,2,1,0,1,2,7,1,0,1,2
EN_339,1,2,0,1,5,6,3,1,4,6
EN_340,2,5,0,3,3,3,2,1,0,1
EN_341,1,9,1,6,1,1,2,3,1,6
EN_342,4,0,0,3,1,1,1,0,2,2
EN_343,2,3,1,1,2,2,1,0,1,4
EN_344,1,2,1,4,0,4,2,0,0,4
EN_347,1,5,0,2,4,4,5,0,4,6
EN_348,7,5,0,4,2,4,3,0,5,3
EN_349,1,2,2,5,0,7,4,2,0,0
EN_350,2,6,4,0,2,6,1,0,1,3
EN_351,0,2,0,1,2,5,0,0,0,1
EN_352,1,5,1,2,4,4,1,0,1,1
EN_354,0,0,1,2,1,2,4,2,3,1
EN_355,1,4,0,1,3,8,6,1,4,4
EN_356,0,2,1,3,3,3,1,4,1,1
EN_357,3,8,0,2,7,4,0,1,3,4
EN_358,1,2,0,0,3,6,1,1,0,2
EN_359,1,2,0,3,2,7,2,0,5,4
EN_360,0,1,1,5,4,6,1,6,4,6
EN_361,0,1,0,1,3,2,0,0,1,3
EN_362,0,0,1,3,3,5,1,2,4,5
EN_365,1,5,2,6,4,5,4,0,2,1
EN_366,2,2,2,7,4,3,1,2,3,1
EN_367,0,2,0,0,1,8,1,3,3,2
EN_368,0,1,1,6,0,3,2,3,1,1
EN_371,2,7,0,6,6,3,1,1,0,0
EN_373,0,1,0,4,1,1,3,1,6,1
EN_374,0,0,0,0,2,6,0,0,4,3
EN_378,3,1,2,1,2,3,3,3,4,0
EN_379,2,1,0,4,1,2,2,0,1,7
EN_380,1,3,0,5,1,0,1,1,1,2
EN_381,0,0,3,1,1,3,3,3,12,1
EN_382,1,4,1,4,1,8,2,3,3,6
EN_383,0,0,0,0,2,2,4,4,8,0
EN_384,0,1,0,1,1,2,0,0,0,1
EN_385,0,1,1,1,0,3,2,1,1,4
EN_386,1,1,0,3,2,5,0,1,5,1
EN_387,0,1,2,0,1,4,0,2,2,2
EN_388,0,4,0,2,3,4,2,5,7,5
EN_391,5,8,1,2,6,7,2,1,2,1
EN_M_001,6,7,2,2,6,8,2,1,5,6
EN_M_002,0,7,1,5,6,6,7,0,12,5
EN_M_004,3,7,2,10,12,7,2,0,10,4
EN_M_005,2,9,0,10,4,6,2,0,8,6
EN_M_008,9,11,3,5,7,2,1,0,6,3
EN_M_009,4,7,1,5,7,2,5,0,3,9
EN_M_010,4,5,0,9,11,11,5,1,9,6
EN_M_012,2,11,4,8,10,9,3,2,6,8
EN_M_014,3,7,4,4,7,3,4,2,2,3
EN_M_015,2,2,1,6,4,13,3,0,8,4
EN_M_016,0,6,0,3,6,8,7,0,10,7
EN_M_017,3,4,0,4,6,3,1,0,5,4
EN_M_018,5,11,0,5,10,5,4,0,3,7
EN_M_019,3,6,1,6,10,7,5,0,8,5
EN_M_020,0,1,1,5,10,9,5,0,6,4
EN_M_022,5,5,0,4,9,5,1,2,10,11
EN_M_023,4,3,1,4,13,8,7,0,12,8
EN_M_024,2,5,0,2,14,11,6,2,10,11
EN_M_025,4,4,1,3,9,11,6,0,7,4
EN_M_026,14,15,2,5,10,8,1,1,8,9
EN_M_027,1,14,3,6,12,9,3,1,8,13
EN_M_028,3,7,4,10,12,14,7,2,11,6
EN_M_029,5,19,1,8,8,3,2,1,10,8
EN_M_030,1,10,0,4,10,12,5,0,9,6
EN_M_031,4,12,0,8,6,8,5,1,4,7
EN_M_033,1,9,0,7,11,7,2,0,6,7
EN_M_034,3,6,1,5,9,3,6,0,10,2
EN_M_035,1,6,0,1,3,4,0,1,0,3
FR_003,1,1,1,1,5,2,2,1,4,1
FR_004,2,0,0,4,3,0,6,0,0,1
FR_007,3,11,0,0,3,3,1,0,2,0
FR_010,4,0,1,1,2,1,6,0,3,2
FR_011,0,0,0,0,1,4,3,0,5,1
FR_012,0,4,1,2,3,6,1,0,6,5
FR_014,1,0,0,1,1,1,5,2,4,1
FR_015,2,3,0,2,2,1,2,0,1,6
FR_016,0,1,1,0,1,5,0,0,5,1
FR_017,3,4,0,1,3,4,0,0,1,1
FR_018,2,7,0,2,4,0,0,0,0,0
FR_021,2,3,0,0,2,5,0,0,0,0
FR_022,1,5,0,2,2,2,2,0,0,2
FR_023,5,1,0,0,2,3,1,0,1,1
FR_024,6,2,0,3,7,3,2,1,3,3
FR_025,0,2,6,2,4,2,0,0,2,1
FR_028,1,6,0,5,5,5,3,1,0,2
FR_029,2,5,0,2,3,5,2,1,3,1
FR_032,1,1,0,1,1,0,2,0,3,2
FR_035,2,4,0,2,2,6,3,1,1,0
FR_037,1,1,1,0,2,3,2,0,3,0
FR_038,5,3,1,3,4,9,6,2,5,6
FR_039,0,6,4,0,5,6,0,0,1,1
FR_040,0,1,0,0,2,1,6,0,2,0
FR_041,2,3,0,3,2,5,3,0,3,2
FR_042,0,2,0,0,1,2,2,0,1,0
FR_043,2,7,1,1,3,3,4,1,3,4
FR_046,0,1,0,0,1,2,2,0,0,1
FR_047,0,0,1,1,2,2,2,0,0,0
FR_048,0,3,0,1,2,7,3,1,6,1
FR_050,3,1,0,3,1,1,5,0,0,1
FR_051,1,7,0,4,3,3,1,1,2,4
FR_052,3,6,0,2,5,3,4,0,0,2
FR_053,0,1,1,0,2,1,2,0,0,1
FR_055,2,6,0,0,0,1,2,0,0,0
FR_056,6,3,4,2,2,1,2,0,1,3
FR_059,1,0,0,0,1,3,0,2,0,3
FR_060,3,10,0,3,3,3,2,3,2,1
FR_061,2,0,0,5,1,2,0,0,0,0
FR_062,0,0,3,7,3,7,1,1,4,2
FR_064,2,4,1,3,2,3,0,1,4,2
FR_065,0,2,1,1,0,4,0,1,1,2
FR_066,0,1,0,2,5,1,2,0,3,2
FR_067,5,2,0,2,2,2,0,1,3,4
FR_068,1,5,0,2,1,3,2,0,3,1
FR_069,0,9,0,1,4,3,0,2,4,3
FR_070,1,10,0,2,6,4,2,0,1,2
FR_071,3,0,0,4,0,5,4,0,3,1
FR_072,2,7,1,2,2,4,0,0,2,1
FR_075,2,5,1,7,4,2,2,0,1,2
FR_077,1,2,0,1,2,1,0,0,0,2
FR_078,2,4,0,1,3,2,0,0,1,2
FR_080,0,3,0,3,8,3,0,0,1,2
FR_082,7,3,1,1,4,0,0,4,0,3
FR_083,5,7,0,0,3,6,0,0,0,7
FR_084,3,2,0,1,0,0,0,0,2,3
FR_085,5,9,0,5,3,4,5,1,0,0
FR_088,2,5,0,0,2,0,1,0,2,3
FR_089,2,3,0,4,5,3,5,0,2,0
FR_090,2,5,0,2,1,5,1,0,2,5
FR_091,0,2,0,1,3,3,3,0,1,4
FR_093,2,3,0,5,2,2,3,0,3,1
FR_096,0,5,1,1,4,4,4,0,5,4
FR_097,3,6,1,2,3,9,3,1,2,2
FR_098,2,3,0,5,4,7,3,2,1,4
FR_099,1,4,2,1,1,0,2,0,1,3
FR_100,6,4,1,5,7,7,0,0,0,4
FR_101,3,2,0,1,0,0,0,0,3,2
FR_102,3,1,1,0,1,2,0,1,1,3
FR_103,1,1,3,1,0,3,4,0,1,3
FR_104,1,0,1,0,0,1,0,0,0,0
FR_105,2,1,2,4,1,3,0,1,3,0
FR_107,1,4,6,3,4,7,1,0,2,1
FR_108,2,1,1,2,5,3,1,1,0,0
FR_109,1,2,0,0,0,0,0,0,0,1
FR_110,1,0,1,3,0,2,0,0,6,0
FR_111,3,2,0,2,4,2,3,0,2,6
FR_112,0,1,1,0,1,3,1,0,0,0
FR_113,1,7,0,1,1,6,2,1,3,7
FR_114,2,4,0,4,3,2,1,3,1,0
FR_115,1,2,0,2,2,1,0,0,1,3
FR_116,1,2,0,0,2,1,0,2,0,0
FR_117,1,1,0,0,3,1,3,1,1,2
FR_119,1,2,2,2,4,1,0,1,1,2
FR_120,1,1,0,2,4,3,4,1,0,2
FR_121,2,1,0,1,2,3,1,2,1,1
FR_122,0,1,2,1,0,8,0,3,0,1
FR_124,3,0,0,4,3,3,1,0,0,0
FR_125,3,0,1,2,3,2,3,0,2,6
FR_126,2,2,0,6,3,5,1,3,4,3
FR_127,3,3,2,3,1,1,1,0,0,1
FR_128,1,9,1,5,2,5,3,1,0,1
FR_129,2,3,0,1,1,6,0,0,1,2
FR_131,0,2,0,4,3,7,0,3,3,3
FR_132,2,4,1,0,0,2,3,1,2,1
FR_133,1,4,0,2,3,4,1,1,0,2
FR_134,0,4,0,2,1,1,0,0,3,1
FR_136,1,4,1,1,2,6,1,2,2,4
FR_137,1,1,0,1,1,4,1,0,1,3
FR_138,2,3,1,2,4,3,2,0,4,7
FR_139,6,6,0,8,1,4,0,2,2,5
FR_140,4,0,0,2,5,4,0,0,1,3
FR_141,3,1,0,3,1,1,1,0,0,3
FR_142,2,10,1,5,3,2,2,1,4,1
FR_145,0,2,0,1,3,0,4,0,1,2
FR_146,2,1,0,0,6,3,0,0,3,3
FR_147,2,8,0,2,5,7,2,0,4,3
FR_148,3,3,1,3,0,2,3,4,1,4
FR_149,7,11,2,1,2,8,2,0,4,4
FR_150,2,2,1,2,3,5,0,1,0,0
FR_151,0,1,1,0,0,2,0,0,0,2
FR_152,2,4,1,1,2,2,0,0,2,5
FR_153,0,3,0,2,4,1,2,0,0,2
FR_154,1,1,0,0,2,2,3,0,2,3
FR_155,0,5,0,1,3,2,0,0,1,2
FR_156,0,3,2,2,2,2,2,2,5,8
FR_157,2,3,0,3,3,5,3,0,2,7
FR_158,0,6,0,2,1,2,0,1,1,2
FR_159,4,3,0,1,1,4,1,0,2,3
FR_164,4,3,0,1,2,4,1,1,1,2
FR_165,4,0,0,1,3,1,3,1,1,2
FR_166,3,6,0,2,4,3,5,1,3,3
FR_170,0,1,0,4,2,1,0,0,1,2
FR_171,0,2,0,4,0,3,0,0,3,1
FR_172,2,2,0,0,4,3,1,0,7,1
FR_174,1,0,3,3,2,3,0,0,3,3
FR_178,2,2,0,3,1,2,3,2,2,1
FR_181,2,2,0,0,3,1,4,0,4,1
FR_187,3,1,0,3,5,3,2,0,0,5
FR_189,1,1,0,3,2,2,5,2,3,3
FR_194,1,2,0,1,2,0,0,0,2,2
FR_196,2,3,0,1,1,4,1,2,1,4
FR_197,5,9,1,1,6,6,1,0,2,6
FR_198,4,4,0,2,3,0,2,1,0,4
FR_199,2,6,0,1,5,5,2,0,1,1
FR_202,2,1,0,2,6,3,2,2,1,2
FR_203,4,1,0,4,5,2,0,0,1,1
FR_204,4,2,0,0,0,0,2,2,0,3
FR_207,0,3,0,0,3,3,1,1,1,5
FR_213,4,3,0,3,3,5,0,0,1,5
FR_216,2,1,0,4,0,3,1,1,3,1
FR_217,2,5,0,7,2,4,0,0,0,2
FR_218,1,3,1,0,5,5,4,3,3,3
FR_221,2,2,2,2,2,3,4,1,2,1
FR_223,0,0,1,5,0,6,4,1,2,2
FR_229,2,0,0,0,2,4,0,0,0,3
FR_230,5,3,1,3,2,1,0,0,1,3
FR_231,0,1,4,0,1,4,0,1,0,1
FR_M_001,1,8,2,5,12,7,6,0,8,8
FR_M_002,2,5,1,4,8,10,4,0,7,3
FR_M_003,2,8,1,4,5,1,1,0,1,5
FR_M_004,2,0,1,0,1,1,0,0,3,4
FR_M_005,2,3,0,1,1,0,0,0,1,2
FR_M_006,2,4,0,2,1,1,2,0,2,2
FR_M_007,2,1,0,5,6,2,1,0,1,6
FR_M_008,1,0,0,1,1,2,0,0,0,1
FR_M_009,1,3,0,2,7,3,0,0,3,1
FR_M_011,4,3,0,0,3,3,1,0,2,0
FR_M_013,3,4,1,1,3,4,3,0,3,2
FR_M_014,0,3,0,5,2,7,2,0,4,1
FR_M_016,0,0,0,0,1,0,0,0,1,4
FR_M_017,4,2,1,3,3,0,2,0,2,6
FR_M_019,1,3,0,2,4,5,0,0,10,4
FR_M_020,1,4,0,5,3,8,5,0,6,2
FR_M_021,1,8,1,2,3,5,1,1,2,1
FR_M_022,4,3,1,4,4,5,0,0,8,6
FR_M_023,6,0,0,2,6,6,4,0,6,5
FR_M_024,1,3,0,1,1,1,5,0,1,3
FR_M_025,4,11,0,3,7,10,0,1,8,12
FR_M_026,1,4,2,2,5,7,3,0,7,2
FR_M_028,0,3,0,3,2,0,0,0,1,4
FR_M_029,7,5,2,1,4,5,3,0,8,7
FR_M_030,1,3,1,0,5,5,3,0,3,2
FR_M_031,4,3,1,5,7,7,0,0,6,4
FR_M_032,0,9,3,2,0,6,1,0,9,3
FR_M_036,1,3,0,1,1,1,5,0,1,3
HE_002,2,1,0,2,2,1,2,0,2,2
HE_003,3,6,3,1,5,1,3,0,7,10
HE_004,0,1,0,1,2,5,2,2,1,3
HE_005,2,7,0,1,3,6,2,0,5,7
HE_007,12,11,0,2,4,9,11,1,6,7
HE_009,5,6,2,1,3,8,3,0,7,2
HE_011,1,3,0,2,5,4,3,1,2,1
HE_012,5,2,0,2,3,6,0,2,0,4
HE_014,2,0,1,0,3,4,5,1,6,8
HE_016,7,12,1,0,4,10,1,2,3,4
HE_017,0,1,2,5,5,9,1,0,2,0
HE_018,4,7,1,8,4,5,2,5,4,3
HE_019,0,2,1,0,2,2,0,0,1,8
HE_020,2,13,0,1,3,1,4,2,1,3
HE_022,5,3,0,2,5,5,0,1,0,6
HE_023,5,2,0,3,2,4,1,1,0,4
HE_024,6,5,0,1,1,8,3,1,5,4
HE_026,1,7,5,0,4,6,0,1,0,4
HE_027,1,13,0,3,1,1,4,1,1,8
HE_028,1,3,0,6,4,7,2,2,9,2
HE_030,2,9,0,4,3,9,1,4,9,2
HE_033,4,6,3,1,1,10,0,0,3,4
HE_034,4,5,0,0,3,5,3,2,2,9
HE_035,0,0,0,2,2,1,3,0,3,2
HE_036,2,0,0,4,1,1,2,0,1,1
HE_037,6,5,4,5,5,17,7,2,5,8
HE_038,3,6,2,1,0,4,1,0,3,1
HE_039,3,5,1,3,8,6,4,1,4,6
HE_040,4,7,0,7,5,4,4,3,7,11
HE_041,9,4,0,6,4,5,4,0,3,4
HE_042,1,8,0,1,3,2,1,0,0,2
HE_044,7,10,1,3,4,7,2,0,3,3
HE_045,3,4,0,5,3,6,4,2,1,8
HE_046,4,8,0,3,1,6,6,1,3,4
HE_047,2,8,1,5,1,5,0,1,2,1
HE_048,0,3,0,6,1,6,2,2,3,1
HE_049,4,12,1,5,5,7,0,2,6,8
HE_050,2,4,0,5,0,5,0,2,1,1
HE_051,1,2,0,2,0,1,1,0,3,0
HE_053,5,9,1,4,2,6,2,1,1,3
HE_054,3,3,2,2,2,5,0,1,3,2
HE_055,8,1,0,1,0,6,0,0,1,2
HE_057,2,1,0,3,3,0,2,0,2,1
HE_058,3,10,3,3,3,8,1,1,4,4
HE_060,5,8,0,3,1,5,1,1,1,3
HE_061,0,4,0,1,0,2,0,1,0,0
HE_064,3,3,0,1,5,8,1,1,1,2
HE_065,6,6,0,5,5,1,1,2,6,7
HE_066,5,10,0,0,2,8,2,1,2,1
HE_067,3,19,0,1,1,8,1,0,2,5
HE_068,2,5,0,3,2,2,4,1,5,2
HE_069,1,3,0,1,4,2,2,0,5,11
HE_070,5,5,0,5,1,2,3,1,2,2
HE_072,8,6,4,4,3,8,4,1,5,10
HE_073,4,5,0,3,4,6,3,2,2,5
HE_074,2,3,2,2,3,5,1,4,4,3
HE_076,3,8,0,3,2,6,1,1,1,4
HE_077,2,8,3,6,1,6,2,1,1,3
HE_078,2,4,1,4,3,4,0,0,4,3
HE_079,4,5,1,5,3,3,0,1,0,7
HE_080,4,2,2,2,1,2,6,1,9,6
HE_082,3,2,0,0,0,5,3,0,2,2
HE_083,2,4,0,5,8,9,2,1,12,1
HE_084,1,3,1,1,3,2,0,0,0,1
HE_086,3,8,1,5,9,5,4,0,2,4
HE_088,2,4,2,1,3,4,1,1,6,2
HE_089,4,4,0,1,2,2,0,1,2,2
HE_090,5,2,1,3,1,5,0,0,3,6
HE_091,10,5,1,1,4,9,6,1,5,8
HE_092,8,5,0,1,4,3,3,0,3,6
HE_093,3,1,3,1,3,7,0,1,3,6
HE_094,1,0,1,0,3,3,0,2,2,4
HE_095,5,5,1,2,1,4,0,0,3,6
HE_096,8,5,0,1,5,11,9,1,11,6
HE_097,4,6,1,2,0,6,0,0,0,1
HE_100,5,2,0,5,0,4,3,0,3,1
HE_101,2,12,3,0,3,7,2,1,2,8
HE_102,2,1,0,7,2,4,1,0,4,0
HE_103,2,3,0,0,2,2,1,0,3,4
HE_104,4,9,0,2,2,4,3,2,1,6
HE_106,1,4,1,0,2,1,2,1,0,6
HE_107,5,15,3,3,5,4,4,1,2,5
HE_108,3,4,1,1,0,8,3,0,1,2
HE_109,4,8,1,5,2,3,5,0,4,5
HE_110,7,11,2,1,6,8,3,0,2,4
HE_111,6,14,1,2,7,7,6,1,1,2
HE_112,4,5,0,4,3,5,5,2,11,5
HE_113,4,6,1,3,4,6,2,1,5,3
HE_114,9,3,4,3,3,7,3,0,2,6
HE_115,0,4,0,2,4,1,2,1,3,3
HE_116,2,4,0,3,1,3,1,0,5,4
HE_117,1,4,0,0,2,5,1,0,1,3
HE_118,4,10,0,4,4,2,3,0,6,6
HE_119,4,6,1,9,4,3,0,1,0,4
HE_120,4,8,2,2,4,3,3,1,3,0
HE_121,3,9,1,4,4,8,1,1,8,5
HE_123,5,2,3,0,2,6,2,1,0,5
HE_125,6,4,1,4,1,5,3,1,4,11
HE_126,4,5,0,7,9,5,4,1,5,6
HE_127,1,8,2,1,1,1,0,1,3,3
HE_128,1,5,1,2,5,4,7,1,6,3
HE_130,5,6,1,3,1,10,3,0,1,2
HE_132,4,6,1,0,1,6,0,2,4,4
HE_133,2,8,0,2,4,3,0,0,2,3
HE_134,4,2,2,1,5,5,6,2,1,8
HE_135,3,5,2,3,3,8,1,1,0,3
HE_136,10,6,1,3,0,6,5,2,4,6
HE_137,6,7,2,5,2,1,0,0,3,2
HE_139,3,2,0,1,4,6,2,0,4,1
HE_140,2,8,0,3,7,3,5,1,2,5
HE_141,1,3,2,7,4,4,2,1,3,4
HE_143,0,2,2,0,6,7,7,2,8,12
HE_145,6,12,1,2,3,5,1,0,5,8
HE_146,2,3,1,1,2,3,3,0,3,4
HE_147,1,1,1,2,2,4,4,2,5,5
HE_148,1,4,3,1,4,9,5,0,7,5
HE_149,7,5,0,2,2,4,3,4,3,1
HE_150,2,8,3,2,3,3,1,0,3,4
HE_151,5,14,0,4,4,7,3,0,1,4
HE_152,4,8,3,6,3,5,0,0,2,3
HE_153,0,16,1,0,4,9,0,2,2,3
HE_154,3,4,0,2,1,5,2,2,8,9
HE_156,2,8,0,2,6,12,4,0,3,0
HE_158,3,6,1,2,4,5,4,0,9,5
HE_159,2,1,0,9,1,6,2,5,5,7
HE_160,2,8,0,1,4,6,0,2,3,15
HE_162,2,2,0,0,3,9,2,1,1,7
HE_163,2,16,2,0,6,13,2,1,2,4
HE_164,1,2,1,6,4,1,1,2,2,0
HE_166,0,1,0,0,4,4,3,1,2,5
HE_167,3,5,1,6,5,1,0,0,5,11
HE_168,2,6,0,0,0,4,0,2,1,1
HE_169,5,0,3,4,6,5,4,0,3,5
HE_170,2,7,1,1,1,9,1,1,3,2
HE_171,3,0,3,1,0,0,1,0,1,2
HE_172,3,5,0,3,4,9,2,1,1,7
HE_173,0,5,1,3,2,3,0,1,3,7
HE_174,6,5,0,4,2,4,3,1,4,6
HE_175,4,5,0,3,4,6,1,0,5,2
HE_176,7,5,0,3,3,4,2,1,1,4
HE_178,5,8,0,3,4,6,3,1,1,3
HE_179,3,6,0,1,4,6,2,0,2,3
HE_182,1,7,0,3,2,8,5,1,2,5
HE_184,2,3,0,0,2,7,1,1,0,4
HE_185,5,8,2,8,5,8,0,2,6,0
HE_186,1,3,0,2,6,5,5,2,1,5
HE_187,1,1,0,4,4,7,1,0,1,4
HE_188,2,5,1,6,1,3,3,1,2,3
HE_189,3,7,1,4,3,9,4,1,4,4
HE_191,0,1,1,1,1,4,1,0,0,0
HE_192,2,2,6,5,3,12,7,1,2,6
HE_193,6,10,0,1,2,9,3,0,2,3
HE_195,2,7,2,3,0,6,2,3,1,0
HE_196,2,2,1,1,4,3,0,2,3,7
HE_197,0,2,1,2,4,4,0,0,0,5
HE_198,3,4,0,3,6,2,4,2,2,3
HE_199,4,6,3,2,5,6,1,2,3,4
HE_202,3,4,0,3,3,6,2,2,5,8
HE_203,2,7,1,3,10,6,0,0,1,4
HE_204,3,4,0,0,2,4,1,0,2,2
HE_205,1,8,0,4,4,4,2,1,0,4
HE_206,6,2,1,10,2,7,4,1,1,4
HE_207,3,7,0,2,2,5,1,1,2,2
HE_208,1,1,0,2,4,7,1,1,3,2
HE_209,6,6,0,2,2,13,4,0,2,6
HE_210,5,3,1,2,3,6,3,3,3,1
HE_212,5,3,0,5,2,2,2,0,6,4
HE_213,9,9,2,1,1,8,4,0,3,4
HE_214,2,1,0,3,5,6,3,2,4,1
HE_215,3,4,0,9,2,2,3,2,5,0
HE_216,4,5,0,3,3,7,1,0,5,2
HE_218,2,1,0,1,3,0,1,1,2,1
HE_M_001,4,4,0,3,2,9,3,2,12,12
HE_M_002,3,6,1,4,3,14,4,1,17,5
HE_M_003,3,4,3,9,4,12,3,4,8,6
HE_M_004,1,4,0,0,1,0,0,0,1,2
HE_M_005,14,17,1,9,8,16,3,0,8,12
HE_M_006,1,2,0,0,3,1,0,0,0,0
HE_M_007,0,2,0,0,4,1,0,0,0,4
HE_M_008,4,13,1,6,2,13,2,1,5,11
HE_M_010,1,12,6,6,1,10,5,1,6,7
HE_M_011,1,1,0,0,0,2,0,1,3,5
HE_M_012,9,4,3,1,10,11,3,1,6,8
HE_M_013,8,15,1,5,12,14,4,2,9,7
HE_M_015,1,6,2,2,2,8,0,1,8,6
HE_M_016,0,4,0,2,1,5,2,0,1,0
HE_M_017,13,19,4,7,8,13,4,0,9,8
HE_M_018,3,7,0,2,2,2,2,0,7,2
HE_M_019,6,17,2,7,8,12,3,0,13,14
HE_M_021,1,13,5,4,13,6,2,1,6,6
HE_M_022,0,0,0,0,0,0,0,0,1,2
HE_M_023,2,13,3,8,13,10,2,3,5,11
HE_M_025,4,3,0,0,0,0,0,0,0,2
HE_M_026,2,2,0,2,0,1,0,0,5,2
HE_M_028,0,0,0,0,0,0,0,0,0,1
HE_M_029,3,4,4,1,4,3,2,0,3,4
HE_M_030,0,4,1,6,3,7,3,0,4,3
HE_M_031,1,2,2,1,4,0,1,0,2,0
HE_M_033,3,8,5,10,9,17,4,3,10,10
HE_M_035,1,3,0,1,3,2,2,1,5,2
HE_M_036,12,14,1,4,11,17,5,1,5,14
IT_001,1,5,0,2,3,13,0,1,4,2
IT_002,1,6,1,3,3,3,3,1,2,8
IT_003,5,5,2,1,3,8,7,0,5,3
IT_004,2,1,0,5,2,3,5,2,1,6
IT_006,0,11,2,2,3,3,6,0,8,5
IT_007,1,1,0,1,1,0,1,1,6,1
IT_008,3,1,1,3,1,9,1,0,7,2
IT_009,5,3,0,2,1,0,4,0,3,5
IT_010,0,0,1,1,0,1,0,0,2,9
IT_011,1,1,0,0,2,0,2,0,1,7
IT_012,5,3,0,2,3,5,2,1,3,3
IT_013,3,8,2,8,6,11,2,2,6,3
IT_014,2,0,0,0,1,1,0,0,3,5
IT_015,2,2,0,0,2,2,2,0,3,9
IT_016,2,1,0,3,1,0,3,0,1,2
IT_017,0,3,1,2,2,2,5,0,1,6
IT_018,2,12,1,5,6,3,3,1,3,6
IT_019,1,2,2,4,9,4,4,0,2,3
IT_020,0,6,2,0,2,2,3,1,0,2
IT_021,5,9,0,2,10,9,3,0,6,3
IT_022,3,5,1,3,1,6,2,1,4,1
IT_023,4,2,6,1,3,4,2,1,1,6
IT_024,3,2,0,3,2,4,3,2,3,0
IT_025,3,3,1,1,5,6,2,1,1,1
IT_026,4,7,0,1,3,6,1,2,1,3
IT_027,2,6,2,4,3,7,3,0,3,6
IT_028,4,5,0,2,2,4,2,0,3,4
IT_029,1,3,2,0,0,3,0,3,0,0
IT_031,3,6,0,4,2,6,6,1,6,4
IT_033,4,2,0,4,4,8,6,0,1,0
IT_036,2,1,0,10,2,3,1,1,2,5
IT_039,3,0,0,0,1,4,1,0,2,1
IT_040,2,3,0,0,2,2,1,0,4,2
IT_041,5,14,1,2,6,8,5,0,2,3
IT_042,1,0,0,3,2,1,1,0,1,0
IT_043,0,3,0,3,2,5,0,0,2,0
IT_044,3,8,0,3,2,3,3,0,2,2
IT_045,1,1,0,2,3,5,1,1,1,3
IT_046,0,4,0,2,2,3,3,0,3,1
IT_047,1,1,3,1,3,6,7,0,4,1
IT_048,3,1,0,1,0,1,0,0,2,1
IT_049,5,5,0,1,0,0,2,0,1,3
IT_050,3,5,0,1,1,6,2,1,0,0
IT_051,3,6,0,2,2,3,1,2,1,2
IT_052,0,0,5,6,6,6,0,1,4,0
IT_053,5,3,0,5,1,6,1,2,0,1
IT_056,0,1,0,0,0,1,0,0,1,1
IT_058,1,2,0,1,3,0,2,0,0,0
IT_062,2,6,0,5,11,12,3,2,1,3
IT_065,1,4,0,0,2,9,6,0,5,6
IT_066,5,3,0,3,2,5,2,1,0,1
IT_067,2,2,0,4,7,6,3,0,6,2
IT_068,0,0,1,0,0,0,1,0,3,0
IT_069,3,10,2,1,6,5,3,2,4,1
IT_070,2,7,2,1,1,10,0,1,4,3
IT_071,3,4,0,1,0,4,1,0,10,6
IT_072,2,3,1,1,6,5,8,0,5,3
IT_073,3,6,1,3,2,4,0,0,3,2
IT_074,2,3,1,1,3,7,0,1,3,3
IT_075,4,6,1,6,4,4,2,0,7,4
IT_076,3,2,0,0,6,0,1,0,3,2
IT_077,2,1,0,1,0,2,1,0,1,1
IT_078,1,5,1,0,1,5,1,0,1,3
IT_079,0,7,1,1,2,5,1,0,6,2
IT_080,1,4,0,0,3,5,1,1,2,1
IT_081,5,7,1,4,2,8,5,0,4,2
IT_082,1,9,2,1,1,4,0,0,3,3
IT_086,0,7,1,1,9,9,4,4,5,4
IT_087,1,4,0,0,1,2,3,0,2,0
IT_088,7,2,0,1,11,3,8,0,1,3
IT_089,3,5,0,4,2,1,3,1,3,2
IT_090,1,2,0,2,1,3,4,0,2,2
IT_091,1,3,0,3,7,9,1,1,2,1
IT_093,2,9,1,2,3,5,1,0,4,3
IT_094,1,2,0,4,8,9,6,0,6,1
IT_095,6,0,1,2,1,7,6,1,3,3
IT_096,0,6,2,2,2,0,2,1,0,0
IT_097,0,2,0,5,0,10,6,0,1,2
IT_098,1,4,2,1,1,3,2,0,5,9
IT_099,5,5,0,3,3,3,1,1,5,3
IT_100,2,8,0,1,1,3,0,0,1,1
IT_101,1,6,1,3,9,9,1,0,2,3
IT_102,1,4,0,1,4,4,0,0,4,0
IT_103,2,1,0,1,4,2,5,0,0,1
IT_105,1,2,0,0,6,13,7,0,2,3
IT_106,1,3,1,2,2,1,2,0,4,4
IT_107,1,6,0,2,2,1,1,0,1,4
IT_108,4,8,0,1,7,10,0,1,3,2
IT_109,2,5,1,1,3,0,3,1,1,5
IT_111,1,3,0,4,6,4,2,1,7,0
IT_112,1,7,2,1,0,4,4,1,11,5
IT_113,3,5,0,9,3,4,5,1,6,2
IT_114,0,0,0,0,1,0,3,0,1,5
IT_115,1,2,1,3,6,6,3,0,8,6
IT_116,3,5,1,1,5,8,1,1,6,0
IT_117,2,1,1,1,4,2,0,0,7,1
IT_118,3,3,0,3,3,3,2,1,2,3
IT_119,0,0,0,3,5,2,6,0,4,7
IT_120,1,5,0,2,1,2,1,1,3,5
IT_121,4,9,1,4,1,6,2,1,1,1
IT_122,2,1,3,2,1,0,1,0,3,2
IT_123,2,8,0,1,6,6,1,0,0,6
IT_125,0,2,4,1,2,2,0,0,0,1
IT_130,3,0,0,5,1,2,4,0,0,7
IT_131,1,1,0,2,2,4,0,0,3,2
IT_132,3,0,1,0,3,0,0,0,0,2
IT_134,3,9,0,2,2,5,3,3,4,3
IT_135,0,3,0,3,2,2,1,0,0,2
IT_136,3,1,1,1,2,3,4,1,3,5
IT_137,3,6,0,1,4,1,3,2,0,1
IT_138,3,0,0,2,5,2,1,1,0,4
IT_139,2,0,0,2,1,2,5,0,1,8
IT_142,1,3,2,0,3,2,6,1,1,6
IT_144,0,8,0,0,6,1,0,1,7,5
IT_145,1,6,0,4,2,9,5,0,8,4
IT_146,1,1,0,1,2,1,2,0,1,1
IT_147,1,4,2,1,1,2,3,1,4,3
IT_148,3,5,0,1,4,3,6,1,4,4
IT_149,2,3,1,4,3,5,3,2,6,2
IT_150,1,1,0,0,0,3,3,0,3,3
IT_151,0,8,1,1,2,1,5,0,3,5
IT_152,1,2,1,1,3,3,5,2,2,3
IT_153,5,5,0,6,3,1,2,1,2,4
IT_154,2,7,2,0,2,2,0,0,6,7
IT_155,1,4,0,2,2,3,1,0,2,4
IT_157,3,10,1,5,1,1,3,0,6,8
IT_159,0,4,1,2,2,2,2,0,4,1
IT_160,1,0,1,0,1,0,0,0,2,2
IT_162,0,1,5,5,4,5,0,2,5,3
IT_163,3,11,0,3,2,7,0,1,2,3
IT_164,4,3,0,4,6,5,6,0,5,7
IT_166,1,5,0,2,1,2,3,2,4,5
IT_167,0,2,0,2,1,1,5,1,4,3
IT_168,0,3,1,0,2,2,1,0,1,2
IT_169,0,2,0,2,3,1,2,0,6,5
IT_170,0,6,0,1,0,6,1,2,5,2
IT_172,0,0,0,3,4,4,2,0,4,3
IT_173,2,7,2,2,1,8,4,0,0,4
IT_174,3,4,1,1,2,3,2,1,6,8
IT_175,3,0,0,1,2,1,2,0,3,5
IT_177,2,0,0,1,1,1,0,0,1,4
IT_178,1,3,0,2,3,1,3,0,3,5
IT_179,2,4,0,1,4,2,5,0,4,6
IT_180,0,2,0,1,2,5,3,1,1,6
IT_181,3,3,0,2,4,2,5,0,7,3
IT_184,2,11,0,1,7,6,4,1,2,2
IT_186,1,3,0,2,5,5,2,0,0,9
IT_188,0,2,1,0,1,2,3,0,1,3
IT_190,2,3,1,3,4,6,6,1,11,2
IT_191,0,1,0,1,0,0,3,0,2,1
IT_192,2,2,0,1,1,6,0,0,2,3
IT_195,2,6,1,4,2,4,8,0,6,2
IT_196,1,4,0,4,2,5,1,0,3,2
IT_197,4,2,0,3,1,1,2,1,0,3
IT_198,3,1,0,2,3,5,0,0,6,9
IT_199,4,6,0,0,3,0,0,1,1,4
IT_200,0,2,0,4,1,1,1,2,0,1
IT_201,0,1,1,1,0,4,1,1,1,2
IT_202,0,3,0,0,6,6,5,1,9,5
IT_203,4,3,0,3,5,6,3,1,4,2
IT_204,2,2,1,8,1,2,2,0,1,3
IT_206,3,3,2,5,0,0,0,0,3,0
IT_207,2,2,2,1,3,7,4,1,4,1
IT_208,2,6,1,0,1,0,1,1,1,1
IT_209,3,0,0,1,0,0,1,0,0,3
IT_210,2,3,1,6,4,1,2,0,5,2
IT_212,5,9,4,6,4,7,5,0,1,0
IT_214,0,0,0,2,5,4,2,0,5,1
IT_215,2,6,1,1,3,5,0,0,3,2
IT_216,3,3,0,5,2,2,2,1,0,0
IT_217,0,3,0,1,4,3,3,0,3,0
IT_219,2,4,0,2,4,4,3,0,3,1
IT_220,1,1,1,4,1,2,3,0,0,1
IT_221,1,0,0,1,1,1,3,0,3,0
IT_222,1,5,0,0,3,3,0,1,0,3
IT_223,1,7,1,4,1,1,1,2,3,1
IT_225,2,5,2,4,6,10,3,1,14,3
IT_226,1,1,1,3,1,1,0,0,1,1
IT_227,5,7,0,2,2,6,3,1,2,0
IT_229,2,3,0,0,0,3,2,1,0,1
IT_230,1,2,0,1,2,7,4,0,4,4
IT_231,1,2,0,2,0,0,1,0,0,2
IT_232,1,6,0,4,8,2,1,0,0,2
IT_233,1,0,0,2,3,3,1,0,2,1
IT_234,4,8,1,2,3,1,0,1,0,4
IT_235,2,1,0,3,3,7,1,3,0,3
IT_236,3,3,0,4,3,6,0,0,4,1
IT_237,2,5,0,2,4,4,1,0,2,1
IT_238,1,14,1,2,0,5,0,0,3,5
IT_240,4,6,1,2,3,1,2,0,1,1
IT_241,1,2,4,2,4,5,3,0,1,1
IT_242,1,3,0,4,3,2,2,0,3,2
IT_243,5,5,2,2,2,2,1,1,1,1
IT_244,3,4,0,5,2,5,2,1,3,2
IT_245,1,4,0,3,2,1,3,1,0,0
IT_246,5,1,1,2,6,4,4,1,8,3
IT_M_001,4,1,1,1,4,4,2,0,13,3
IT_M_002,3,12,1,4,2,4,5,0,10,6
IT_M_003,2,7,1,4,1,14,5,0,17,2
IT_M_004,6,8,2,5,12,1,2,0,5,7
IT_M_005,1,10,0,2,6,3,2,0,4,3
IT_M_006,5,6,1,3,6,3,3,0,7,3
IT_M_008,4,5,1,7,8,7,2,0,12,10
IT_M_009,2,7,2,5,5,13,5,0,9,7
IT_M_010,7,9,0,2,4,4,1,0,2,7
IT_M_012,5,6,3,3,6,0,0,0,4,3
IT_M_015,2,8,3,2,5,6,1,1,2,1
IT_M_016,2,17,0,9,9,7,3,1,16,7
IT_M_017,3,1,0,7,11,12,10,0,9,8
IT_M_020,3,9,2,7,7,13,10,0,8,2
IT_M_021,2,7,2,2,10,6,2,0,3,4
IT_M_022,1,6,2,2,4,2,3,1,2,4
IT_M_024,6,8,1,2,3,3,2,0,3,1
IT_M_025,5,2,0,1,5,0,2,0,2,2
IT_M_026,0,0,0,2,0,5,0,0,3,0
IT_M_028,2,2,0,1,1,2,2,0,1,0
IT_M_029,9,8,1,2,15,11,4,0,3,6
IT_M_030,3,11,1,7,5,10,5,0,12,3
IT_M_031,5,13,1,5,3,10,3,1,9,2
IT_M_032,5,10,0,3,6,3,3,0,5,3
IT_M_033,5,7,2,4,9,7,3,0,10,6
NL_001,1,6,2,1,2,4,2,1,0,4
NL_002,4,3,2,2,9,10,7,0,2,6
NL_003,2,2,0,0,3,0,3,1,0,3
NL_004,3,4,0,3,8,2,0,1,4,8
NL_006,1,6,1,3,3,8,0,1,6,7
NL_007,2,5,0,3,5,3,1,1,1,0
NL_008,3,9,3,3,7,7,0,0,1,2
NL_009,1,1,1,1,3,4,3,0,1,6
NL_012,1,1,0,3,1,2,1,0,2,0
NL_013,5,9,0,1,2,0,1,0,0,7
NL_014,5,2,7,0,2,4,3,1,2,5
NL_018,3,2,2,1,1,2,3,1,0,3
NL_019,0,3,0,5,4,3,3,0,2,5
NL_020,2,4,2,0,0,3,3,2,1,3
NL_021,2,1,0,5,2,6,0,0,0,1
NL_022,2,3,0,2,3,3,0,0,1,1
NL_023,0,1,2,4,2,4,3,2,3,2
NL_025,1,3,1,11,3,7,4,1,7,2
NL_026,2,6,0,0,4,7,0,2,0,0
NL_028,1,3,2,0,1,3,2,0,1,2
NL_030,5,4,0,5,4,9,4,0,3,4
NL_031,0,2,0,2,3,8,0,0,5,3
NL_032,7,5,7,1,7,4,3,3,1,6
NL_033,0,6,1,5,6,4,3,4,3,7
NL_035,1,2,0,4,6,4,6,1,0,8
NL_036,0,3,1,5,1,4,0,0,0,2
NL_037,3,4,2,4,5,0,1,1,3,0
NL_038,5,1,1,3,5,3,0,0,0,2
NL_040,3,0,1,0,5,2,1,0,0,3
NL_041,1,2,0,6,2,4,1,4,4,5
NL_042,4,3,1,9,3,4,3,1,6,1
NL_043,6,7,0,4,5,8,4,1,2,5
NL_044,3,2,1,2,4,2,1,2,2,4
NL_046,3,1,1,0,2,1,1,1,0,2
NL_047,4,1,0,5,1,2,6,0,3,3
NL_048,3,5,1,7,1,7,0,0,1,1
NL_049,3,6,0,3,3,1,2,0,1,0
NL_050,0,2,2,0,2,1,6,0,3,2
NL_052,1,3,1,1,1,5,0,0,6,0
NL_053,3,3,1,3,2,6,0,1,2,4
NL_054,1,1,0,0,5,1,0,0,1,1
NL_055,3,2,0,6,3,5,1,1,3,3
NL_056,4,4,1,2,4,9,6,0,5,3
NL_057,3,1,0,2,0,0,1,3,1,0
NL_059,3,3,2,3,4,2,4,0,3,1
NL_060,0,0,0,5,2,1,2,0,0,4
NL_061,5,1,0,3,2,5,1,2,4,3
NL_062,1,1,3,5,0,1,2,1,0,2
NL_063,1,7,2,1,4,3,0,0,0,2
NL_064,1,3,0,0,0,0,2,0,1,1
NL_065,1,10,0,0,1,4,0,2,4,3
NL_066,3,2,0,5,5,1,4,0,0,3
NL_067,2,1,0,2,2,2,0,0,1,1
NL_069,5,4,0,2,5,4,0,0,0,2
NL_070,0,4,1,3,2,4,4,1,3,2
NL_072,1,0,0,2,0,0,0,0,0,1
NL_074,1,8,1,0,5,4,3,1,0,1
NL_075,1,6,2,2,6,5,0,2,2,2
NL_076,3,13,1,9,6,8,7,2,12,3
NL_077,3,2,1,3,3,6,2,0,4,6
NL_081,0,5,1,1,6,3,1,2,3,5
NL_082,1,6,1,1,4,4,2,0,1,1
NL_083,0,0,0,1,2,5,1,0,3,8
NL_084,2,2,1,2,2,3,0,1,6,6
NL_085,1,0,1,0,2,0,3,0,6,2
NL_086,0,5,0,8,6,6,3,0,2,1
NL_087,1,2,0,0,4,3,1,0,1,2
NL_091,0,5,0,1,1,8,0,0,10,3
NL_092,2,2,0,1,2,1,0,0,5,6
NL_094,2,5,0,2,1,1,0,1,3,0
NL_096,3,6,1,2,5,2,2,1,1,1
NL_097,3,2,2,4,3,3,1,0,1,3
NL_098,4,4,1,5,4,3,0,0,4,2
NL_101,1,6,0,3,5,8,5,0,14,4
NL_102,1,7,1,3,1,3,0,0,3,2
NL_103,7,7,1,4,4,7,2,0,10,3
NL_105,3,1,1,2,4,2,1,1,6,8
NL_106,2,4,0,5,0,2,3,0,1,0
NL_107,1,0,1,1,3,2,1,0,3,5
NL_108,0,1,0,2,0,2,2,0,4,3
NL_109,1,3,0,0,2,2,1,0,5,2
NL_110,0,4,1,2,2,2,0,1,1,4
NL_111,1,1,1,1,4,1,2,1,4,4
NL_112,1,0,0,3,3,0,0,0,3,2
NL_116,1,3,2,3,7,3,0,0,1,2
NL_118,0,3,0,1,3,5,1,0,4,6
NL_119,2,10,1,1,1,6,0,1,4,2
NL_120,1,1,0,2,3,0,0,1,4,5
NL_121,1,0,0,2,0,0,2,0,3,6
NL_122,2,3,0,4,3,6,6,1,0,0
NL_125,1,3,0,0,3,0,3,1,7,9
NL_126,1,9,1,4,7,2,4,1,2,3
NL_128,0,1,0,2,2,6,0,1,5,9
NL_129,0,10,1,0,4,3,1,1,0,4
NL_131,3,7,0,3,9,5,1,1,2,3
NL_133,1,6,0,1,4,1,2,0,2,5
NL_134,2,9,0,2,11,10,5,0,8,5
NL_135,2,3,0,5,2,2,2,0,0,6
NL_136,2,9,0,5,3,9,4,2,1,4
NL_139,2,7,0,2,2,0,0,1,1,1
NL_141,2,5,0,2,2,3,2,1,2,1
NL_142,1,0,0,0,1,6,2,0,0,1
NL_143,2,2,0,4,6,1,3,0,1,1
NL_144,2,2,0,1,0,0,1,0,1,8
NL_145,1,3,0,0,3,6,0,0,4,1
NL_146,1,0,0,2,2,1,3,0,1,2
NL_147,6,2,0,1,0,2,0,1,0,4
NL_148,0,5,0,2,6,4,3,1,2,3
NL_149,2,2,0,4,2,8,0,1,1,3
NL_150,1,2,0,5,0,5,3,1,0,1
NL_151,3,3,3,5,4,2,0,0,2,5
NL_153,5,3,0,1,0,0,2,1,0,2
NL_154,0,2,1,2,4,4,5,0,0,2
NL_155,4,8,0,6,4,5,0,1,5,1
NL_156,3,3,0,1,1,6,2,1,2,1
NL_157,0,3,0,0,2,0,0,1,0,3
NL_159,2,4,0,3,1,3,2,1,1,5
NL_160,5,5,3,3,4,5,2,0,1,2
NL_162,1,0,0,1,2,3,0,1,0,4
NL_163,4,6,0,1,1,1,2,1,2,1
NL_164,0,1,1,0,1,0,3,1,2,3
NL_165,1,9,1,1,9,7,1,0,3,0
NL_167,1,4,0,4,6,6,3,0,1,1
NL_168,3,6,0,9,0,2,3,2,0,1
NL_169,1,0,0,2,2,7,1,2,4,7
NL_170,1,1,0,0,2,5,2,1,2,1
NL_171,1,3,0,2,3,4,4,2,3,10
NL_172,4,6,1,4,6,1,5,1,1,8
NL_173,1,2,3,0,3,7,3,0,4,5
NL_174,0,3,0,1,4,4,1,0,1,5
NL_175,0,0,0,0,3,4,4,0,4,4
NL_176,1,3,1,2,1,4,2,0,0,5
NL_177,1,2,0,0,1,3,3,0,6,6
NL_178,1,2,2,3,3,1,5,1,5,2
NL_179,0,2,0,0,0,2,3,0,2,2
NL_181,4,9,1,2,10,5,2,1,2,6
NL_182,2,6,2,0,5,4,2,0,0,1
NL_185,2,4,1,4,6,5,4,1,1,8
NL_186,2,3,0,0,4,2,4,0,2,3
NL_187,4,5,0,5,7,6,0,2,3,0
NL_188,2,9,2,0,5,4,5,1,1,4
NL_189,0,1,2,1,1,3,0,1,0,3
NL_190,1,3,0,3,2,1,4,1,2,5
NL_191,1,4,0,0,4,2,0,3,3,1
NL_192,0,0,0,9,3,5,0,0,2,3
NL_193,0,7,0,3,7,3,3,0,1,3
NL_195,4,0,2,1,2,1,2,1,1,2
NL_196,5,9,1,0,0,6,2,0,1,4
NL_197,4,3,0,3,3,4,2,0,2,2
NL_198,1,5,0,4,2,0,0,0,5,3
NL_199,1,1,0,3,0,2,3,3,1,1
NL_200,1,3,0,4,2,2,2,0,6,4
NL_201,4,6,0,2,3,2,2,1,0,3
NL_202,0,4,0,0,1,1,0,2,1,0
NL_203,3,4,2,2,1,2,4,1,4,4
NL_204,3,1,1,2,3,2,1,0,5,3
NL_205,5,4,1,1,3,7,6,1,4,1
NL_206,1,8,8,6,5,2,1,0,2,1
NL_207,2,2,0,3,0,6,3,0,1,4
NL_208,0,3,1,6,3,1,2,0,1,2
NL_209,2,1,1,4,0,4,4,3,3,0
NL_211,2,0,0,0,0,6,0,3,3,1
NL_213,2,3,1,2,2,2,2,1,4,2
NL_214,4,4,0,0,1,2,4,1,1,1
NL_215,0,4,1,7,1,1,1,1,3,0
NL_216,1,0,1,1,2,2,3,1,2,2
NL_217,1,6,0,1,5,8,3,0,2,7
NL_218,3,7,1,4,1,7,0,0,4,2
NL_219,1,1,0,1,2,0,1,0,2,3
NL_220,0,0,0,4,0,3,0,0,1,0
NL_221,1,0,3,0,0,2,0,0,0,1
NL_222,1,3,0,5,2,0,2,0,5,1
NL_223,5,2,0,1,1,3,2,0,3,1
NL_224,6,1,0,2,1,0,0,0,1,2
NL_225,2,3,0,1,2,0,2,0,3,4
NL_226,1,8,5,3,4,9,1,1,2,1
NL_227,4,3,0,1,0,0,1,1,2,1
NL_228,0,1,0,2,2,0,0,0,1,2
NL_232,2,3,0,1,5,2,1,1,2,2
NL_234,1,0,0,0,0,1,4,1,1,1
NL_235,0,3,1,4,3,2,5,0,1,0
NL_237,1,2,0,0,4,10,3,0,2,0
NL_238,2,1,1,1,6,4,1,2,4,3
NL_240,1,1,1,2,3,3,6,2,1,3
NL_241,4,3,1,3,2,10,0,0,1,1
NL_243,0,1,0,2,0,0,0,0,0,2
NL_244,0,0,0,0,0,5,0,2,4,3
NL_245,3,2,0,1,5,7,1,2,0,1
NL_246,2,3,0,3,3,5,0,2,0,1
NL_248,4,2,1,1,0,3,3,3,0,7
NL_249,0,11,2,1,3,7,4,0,2,8
NL_250,2,6,0,2,3,2,0,1,3,1
NL_251,1,2,0,3,1,0,3,1,3,1
NL_252,1,1,1,5,2,5,5,0,1,0
NL_254,2,1,0,7,2,4,2,0,1,4
NL_255,7,7,0,1,2,2,2,0,1,1
NL_256,0,2,0,0,1,1,0,2,7,1
NL_257,0,4,0,1,3,4,2,1,6,0
NL_258,1,0,2,1,1,1,1,1,0,2
NL_259,2,3,0,0,0,5,1,0,1,2
NL_260,4,2,0,1,2,5,0,1,1,2
NL_262,2,2,1,2,2,0,0,0,1,6
NL_264,0,2,2,0,4,0,1,0,1,3
NL_265,3,5,0,3,2,3,2,0,3,4
NL_266,1,2,0,1,4,2,0,2,1,1
NL_267,3,4,1,2,2,2,2,0,1,0
NL_268,1,7,1,2,1,2,2,0,2,1
NL_269,3,4,1,1,3,0,0,2,3,2
NL_270,2,0,1,4,1,1,0,1,2,1
NL_271,1,2,2,2,2,2,0,1,1,3
NL_272,0,6,3,7,1,2,3,0,1,1
NL_273,1,0,0,1,3,1,0,1,3,4
NL_274,3,2,7,0,2,4,1,0,0,1
NL_275,2,3,0,6,2,2,2,1,2,5
NL_276,1,9,0,1,2,3,1,1,0,2
NL_277,3,3,0,2,0,2,1,1,4,0
NL_278,4,5,2,4,2,3,0,1,1,1
NL_279,3,8,1,5,1,1,4,4,1,2
NL_280,6,0,0,3,2,1,0,0,1,1
NL_281,1,0,0,2,0,0,0,0,0,0
NL_282,2,0,0,3,1,1,2,2,0,0
NL_283,0,2,0,1,1,2,0,1,2,1
NL_285,0,2,0,1,0,0,0,1,0,0
NL_286,2,1,5,6,2,3,0,0,1,3
NL_287,0,1,0,3,3,8,2,3,2,3
NL_288,4,3,3,2,1,3,2,0,0,2
NL_289,3,2,0,5,3,3,1,1,3,1
NL_290,2,4,0,1,3,2,0,0,1,2
NL_291,4,2,1,2,2,4,0,0,0,1
NL_293,0,0,0,2,6,1,1,1,1,2
NL_294,0,1,2,2,4,4,1,0,1,4
NL_295,1,2,0,1,0,4,2,2,0,1
NL_298,1,4,2,2,1,8,4,0,10,6
NL_299,4,8,1,2,6,10,5,1,5,10
NL_300,0,2,0,0,1,2,0,2,2,9
NL_M_001,2,2,0,2,10,6,6,0,5,7
NL_M_002,2,6,1,4,5,8,4,0,5,2
NL_M_003,3,2,0,5,5,4,9,1,5,3
NL_M_004,6,11,2,10,6,6,3,1,12,5
NL_M_005,11,5,1,6,9,8,4,1,7,6
NL_M_008,1,5,1,2,6,8,5,0,8,3
NL_M_009,3,4,0,1,6,3,5,0,4,5
NL_M_010,6,8,1,2,5,7,5,0,2,5
NL_M_011,2,5,1,6,9,1,4,0,4,6
NL_M_012,2,6,0,2,12,7,2,0,6,6
NL_M_013,5,1,0,4,2,4,2,0,6,11
NL_M_014,3,7,3,5,7,4,8,2,5,8
NL_M_015,4,5,4,3,10,6,3,2,12,11
NL_M_016,0,1,1,4,1,7,3,0,6,2
NL_M_017,3,6,0,4,13,1,1,0,2,1
NL_M_018,4,2,2,4,7,1,0,0,4,3
NL_M_020,1,5,3,2,5,2,1,2,6,4
NL_M_021,8,10,1,6,3,6,0,0,2,10
NL_M_022,2,5,0,2,6,1,6,0,2,6
NL_M_024,6,7,0,6,4,7,6,1,8,8
NL_M_026,11,11,0,4,2,9,2,0,7,10
NL_M_027,1,6,5,1,5,8,6,0,1,3
NL_M_028,5,9,5,3,12,5,4,1,4,7
NL_M_029,4,16,0,7,14,5,2,0,3,12
TR_001,1,2,0,7,1,4,0,5,2,2
TR_002,4,6,1,0,1,4,5,0,6,3
TR_003,0,5,0,4,1,0,4,0,4,4
TR_004,0,2,2,3,5,11,1,0,2,0
TR_006,0,1,1,1,4,1,1,0,0,1
TR_009,1,0,0,1,1,6,0,0,5,4
TR_010,2,5,1,2,4,5,0,1,9,7
TR_011,3,4,1,4,6,6,2,1,2,5
TR_012,0,0,2,2,5,3,1,1,2,3
TR_014,6,1,0,0,1,1,0,0,0,1
TR_015,7,7,4,8,5,11,10,3,6,5
TR_017,0,0,0,2,4,3,0,0,1,1
TR_018,2,3,1,4,8,4,2,0,1,1
TR_022,3,3,2,1,1,4,1,0,5,6
TR_023,3,2,2,2,1,1,3,0,4,1
TR_024,2,9,0,4,6,7,4,0,3,4
TR_025,1,3,0,7,2,9,0,0,6,4
TR_026,3,4,1,4,3,6,6,1,2,3
TR_027,2,2,1,2,1,3,0,0,1,1
TR_029,2,5,0,2,0,5,0,2,3,5
TR_030,3,2,1,3,2,11,1,0,5,2
TR_033,1,8,1,2,6,8,3,2,1,9
TR_034,0,8,12,2,6,3,0,2,0,3
TR_036,0,5,3,1,2,2,6,3,7,4
TR_037,6,4,1,2,1,7,8,0,3,6
TR_038,5,2,0,1,2,4,2,0,2,3
TR_040,4,1,0,0,2,3,1,0,0,0
TR_041,3,13,0,0,4,5,0,1,3,5
TR_042,2,4,1,5,3,5,0,0,1,5
TR_045,7,10,1,6,3,7,11,1,5,8
TR_046,0,1,0,4,2,9,1,1,3,1
TR_049,2,6,0,1,5,5,4,0,2,7
TR_050,2,4,0,3,3,3,3,1,3,4
TR_051,0,0,10,6,1,2,0,1,2,1
TR_052,2,12,2,2,5,10,3,0,6,2
TR_053,3,6,0,1,2,3,2,1,1,5
TR_054,4,6,1,5,7,9,5,2,2,6
TR_056,2,4,1,5,4,0,2,0,1,4
TR_057,3,4,2,9,4,7,5,1,6,9
TR_058,4,7,0,8,7,9,3,0,8,7
TR_060,1,5,0,2,4,4,1,0,1,2
TR_061,6,5,1,7,6,11,6,0,3,3
TR_063,2,2,0,3,3,6,1,2,2,6
TR_064,1,3,0,1,2,11,4,0,2,2
TR_065,4,5,2,0,3,9,2,4,3,2
TR_067,3,2,1,2,4,7,2,0,3,1
TR_068,2,5,0,0,4,6,1,1,0,1
TR_069,0,6,2,1,2,8,5,0,8,5
TR_070,2,10,1,0,3,5,3,0,1,7
TR_072,1,3,8,8,9,5,0,3,2,6
TR_073,1,6,0,4,4,2,0,2,1,2
TR_074,2,6,7,5,3,9,2,1,4,5
TR_075,1,3,7,1,4,9,1,1,2,0
TR_076,4,1,1,4,4,3,1,1,1,1
TR_078,0,1,1,0,2,0,2,1,7,2
TR_079,3,0,5,4,5,0,0,3,5,3
TR_080,2,8,1,4,5,6,2,0,4,5
TR_081,2,2,0,6,2,4,2,3,1,1
TR_082,3,3,4,7,2,4,1,2,2,4
TR_083,3,4,4,3,5,2,3,2,5,5
TR_084,6,5,0,4,2,5,0,0,1,3
TR_085,1,7,1,9,4,4,7,2,4,3
TR_087,1,2,0,2,2,4,2,1,3,3
TR_088,1,3,0,0,4,2,1,1,2,1
TR_089,2,0,0,1,3,7,3,0,3,2
TR_090,2,0,2,1,1,1,4,0,1,1
TR_091,2,7,1,7,11,10,4,2,2,3
TR_092,2,13,2,2,3,2,2,0,4,2
TR_093,0,3,0,2,4,7,5,3,1,3
TR_094,6,12,1,7,10,10,9,1,6,6
TR_095,5,5,0,5,7,2,1,1,1,5
TR_096,3,7,1,2,8,7,6,2,6,9
TR_097,2,4,3,14,2,12,3,1,1,2
TR_098,2,7,1,2,13,7,4,0,6,5
TR_099,2,7,3,7,3,4,2,2,0,1
TR_100,4,8,1,4,6,3,6,1,6,6
TR_101,8,5,0,4,6,2,2,0,4,5
TR_103,2,5,0,1,2,6,0,0,7,3
TR_104,2,2,0,3,0,0,1,0,1,2
TR_105,1,7,0,1,1,9,0,2,3,3
TR_106,1,11,0,1,5,3,3,1,2,3
TR_107,2,4,1,4,2,2,2,1,2,2
TR_109,0,1,1,2,0,5,4,1,4,1
TR_110,4,7,1,7,6,6,5,0,2,11
TR_111,3,0,0,4,4,1,5,2,1,2
TR_112,2,1,5,5,2,2,1,2,2,1
TR_114,6,5,2,7,9,4,5,2,3,1
TR_115,3,1,1,6,4,4,0,1,1,1
TR_116,3,3,0,4,1,3,3,0,1,2
TR_117,0,5,2,3,2,11,0,0,2,0
TR_119,5,5,2,4,4,14,1,1,7,2
TR_120,1,3,1,4,6,16,6,2,6,1
TR_121,3,1,0,5,4,2,3,1,2,3
TR_122,6,4,0,4,2,2,3,0,1,4
TR_123,1,2,1,3,10,7,3,2,7,2
TR_124,4,1,0,4,7,6,0,2,4,1
TR_126,1,2,0,0,5,3,1,2,1,0
TR_127,2,9,0,0,2,3,1,0,1,2
TR_129,2,3,0,6,4,3,0,1,1,5
TR_130,1,3,2,0,5,9,4,1,3,3
TR_132,1,2,0,5,3,2,3,0,1,1
TR_134,1,1,2,2,1,3,0,0,3,7
TR_135,1,8,1,6,5,2,1,0,2,5
TR_137,0,1,0,1,3,0,1,1,2,1
TR_138,2,12,1,2,4,4,4,1,2,4
TR_139,3,5,2,3,0,4,6,1,1,1
TR_141,2,1,0,2,0,1,1,0,1,2
TR_142,0,3,2,4,2,13,5,4,1,3
TR_143,8,2,0,3,3,12,2,0,2,4
TR_144,1,9,1,2,7,5,2,3,2,8
TR_146,4,4,0,3,4,3,4,0,3,3
TR_147,1,2,0,2,2,5,4,3,0,0
TR_148,0,1,0,3,4,4,2,0,1,3
TR_149,3,7,1,1,1,8,1,0,4,3
TR_151,0,5,0,1,0,4,5,1,2,0
TR_152,0,6,4,5,3,3,5,1,3,5
TR_153,6,5,0,1,5,3,1,0,4,3
TR_154,9,9,2,2,4,0,2,0,2,9
TR_155,8,3,1,7,1,5,1,1,4,5
TR_156,7,1,1,0,4,7,8,0,1,0
TR_157,2,3,5,0,4,3,1,3,6,5
TR_158,6,6,2,4,1,1,2,1,2,3
TR_159,2,5,3,2,5,9,3,0,3,5
TR_160,0,2,0,1,0,1,0,0,1,2
TR_161,1,5,0,1,2,2,1,1,2,4
TR_163,1,6,0,0,1,0,0,0,0,1
TR_164,2,7,1,0,0,2,0,0,1,3
TR_165,0,5,1,1,1,2,2,1,1,3
TR_166,3,1,0,2,2,2,1,1,5,5
TR_167,1,1,1,0,4,7,0,0,3,0
TR_168,0,1,3,5,3,6,2,2,13,6
TR_169,0,3,2,2,4,6,1,1,6,1
TR_171,1,3,0,6,2,8,5,0,2,1
TR_172,5,5,0,2,1,5,1,0,1,0
TR_174,4,4,1,6,3,3,4,0,2,6
TR_175,3,2,0,2,4,5,8,1,4,7
TR_176,2,2,1,5,0,3,2,2,5,3
TR_177,2,1,1,10,1,1,0,2,1,1
TR_178,1,3,5,1,5,1,1,0,6,7
TR_179,4,6,0,2,0,1,0,1,4,2
TR_181,1,2,1,1,2,5,2,0,2,2
TR_182,3,3,4,1,5,5,1,0,3,3
TR_183,2,1,0,3,1,0,0,0,4,2
TR_184,3,1,0,0,0,1,1,0,0,0
TR_185,2,1,2,3,5,3,0,1,4,6
TR_186,0,1,0,1,1,2,1,0,4,1
TR_187,2,5,0,3,2,5,3,0,2,7
TR_188,1,2,3,0,0,1,0,0,1,4
TR_189,0,0,1,2,0,1,3,0,2,6
TR_190,1,4,1,3,7,7,0,0,6,4
TR_192,1,5,0,1,6,2,1,1,0,2
TR_193,2,2,8,8,8,1,2,3,1,2
TR_194,0,0,1,3,3,0,0,0,3,3
TR_195,0,2,3,2,4,5,0,0,5,2
TR_196,4,0,2,5,5,0,1,1,4,3
TR_197,5,7,1,9,2,9,6,5,3,2
TR_198,0,4,5,9,3,4,2,0,3,2
TR_199,0,1,0,2,2,3,0,0,3,9
TR_200,3,2,3,3,0,0,2,2,3,2
TR_201,1,7,0,4,3,7,6,2,7,8
TR_202,2,2,4,9,4,2,4,4,6,1
TR_203,0,0,0,1,0,3,2,0,4,1
TR_204,1,5,0,0,1,4,2,1,1,3
TR_205,4,4,3,2,2,3,0,0,4,6
TR_206,3,6,0,3,1,1,0,0,3,2
TR_207,5,6,0,4,2,14,4,1,7,2
TR_212,1,5,1,0,2,7,3,0,2,7
TR_213,0,1,0,3,3,3,1,1,2,2
TR_214,1,4,0,4,1,1,3,0,5,4
TR_216,3,0,0,0,1,3,0,0,1,3
TR_217,6,7,0,6,1,5,0,0,5,3
TR_218,1,4,1,3,2,2,0,2,5,3
TR_219,3,5,0,2,5,3,0,0,4,0
TR_220,1,2,0,0,0,5,1,1,3,3
TR_221,0,0,0,2,0,2,2,2,1,0
TR_222,0,2,0,2,1,2,4,0,4,5
TR_223,0,3,0,0,1,3,0,0,2,2
TR_224,1,2,0,2,1,2,0,0,3,4
TR_225,5,1,0,1,1,0,0,1,1,1
TR_226,1,2,9,3,9,3,5,2,2,5
TR_227,2,2,1,0,4,5,1,1,1,1
TR_229,3,3,3,8,8,5,1,3,1,0
TR_233,5,13,1,1,1,5,2,0,3,2
TR_234,1,4,0,0,3,4,1,2,1,4
TR_236,4,1,4,7,1,4,4,1,2,0
TR_237,2,5,0,1,3,7,1,0,2,1
TR_238,3,6,2,1,6,10,2,1,6,6
TR_239,2,2,3,6,5,18,0,1,3,2
TR_241,3,3,0,4,7,6,5,1,2,4
TR_242,3,7,0,2,0,6,2,0,1,5
TR_247,2,0,2,2,4,5,0,2,1,0
TR_248,0,1,0,1,0,1,5,3,3,3
TR_249,0,3,0,0,4,4,0,1,7,2
TR_250,4,4,1,1,4,9,0,1,7,3
TR_252,2,3,1,0,3,1,1,2,4,1
TR_253,5,9,5,8,12,15,4,0,10,3
TR_254,1,4,2,3,3,4,3,3,2,2
TR_255,1,3,1,2,5,7,4,0,7,5
TR_256,1,4,3,5,2,6,2,0,1,2
TR_257,7,7,1,3,4,3,4,0,4,7
TR_258,5,3,1,3,1,3,2,1,10,3
TR_260,0,1,1,1,1,0,4,1,1,2
TR_261,1,0,0,0,2,2,1,1,3,1
TR_262,0,1,1,0,1,2,0,0,4,1
TR_264,0,2,0,0,4,0,0,0,2,0
TR_265,0,0,1,2,2,3,0,0,4,3
TR_266,5,5,2,1,1,3,1,0,5,4
TR_267,0,1,2,6,2,3,0,3,9,2
TR_268,4,2,0,3,1,3,2,0,0,1
TR_269,4,1,0,3,0,1,3,0,2,0
TR_270,0,1,0,3,2,2,6,4,9,0
TR_271,1,1,0,0,3,0,0,0,1,3
TR_272,0,2,0,1,0,3,1,1,1,0
TR_273,1,5,11,1,4,2,1,0,2,1
TR_274,0,4,10,2,0,1,0,0,1,3
TR_275,1,2,2,10,0,3,1,3,0,1
TR_277,1,4,3,2,1,7,2,1,5,3
TR_278,6,3,0,3,1,4,7,0,5,4
TR_279,3,2,6,2,0,3,1,0,1,1
TR_280,2,6,1,5,3,3,3,0,3,1
TR_281,2,2,2,1,4,2,3,0,5,4
TR_282,1,3,1,1,2,7,0,0,11,2
TR_283,1,7,0,0,2,3,4,0,3,3
TR_284,0,0,0,1,1,0,0,0,2,0
TR_285,0,1,5,2,5,6,2,2,5,0
TR_286,1,5,1,5,2,8,3,0,5,5
TR_287,0,6,9,3,3,3,1,0,3,1
TR_288,1,2,10,3,6,6,3,2,3,2
TR_289,2,2,2,1,5,6,2,1,2,5
TR_291,4,4,2,6,5,7,3,0,5,6
TR_294,2,3,0,1,0,2,2,3,3,6
TR_295,6,6,1,2,1,3,0,1,4,1
TR_297,0,5,8,7,7,2,3,0,6,1
TR_298,3,16,2,2,8,4,2,1,8,1
TR_299,2,7,2,0,1,4,4,1,1,5
TR_300,3,3,2,6,6,7,3,0,6,5
TR_302,1,15,2,3,1,7,1,1,1,6
TR_304,0,0,0,0,1,1,3,1,0,2
TR_306,0,4,0,1,1,4,4,0,7,6
TR_308,2,2,0,8,1,0,3,2,2,4
TR_M_001,4,5,0,2,5,7,3,0,10,3
TR_M_002,3,8,2,1,4,14,4,1,6,2
TR_M_003,7,7,0,2,6,2,3,0,3,2
TR_M_004,1,3,1,4,0,1,2,0,3,4
TR_M_006,6,7,0,1,1,6,5,0,3,3
TR_M_007,2,4,1,2,6,5,6,0,6,3
TR_M_008,3,2,0,8,3,13,2,0,2,2
TR_M_009,2,2,2,1,3,3,0,0,5,2
TR_M_010,2,0,0,5,3,1,0,0,2,4
TR_M_011,4,10,0,4,6,5,1,0,2,4
TR_M_013,2,7,0,6,4,3,3,1,7,6
TR_M_014,1,11,2,7,12,14,4,0,4,7
TR_M_016,2,2,2,2,2,5,0,0,6,4
TR_M_017,8,7,0,3,6,9,2,1,4,8
TR_M_018,1,6,1,1,5,10,4,0,5,3
TR_M_019,6,8,0,1,3,4,2,0,12,1
TR_M_020,1,7,3,8,7,9,2,0,10,5
TR_M_021,4,5,1,3,3,2,2,1,2,2
TR_M_022,4,5,1,5,7,5,4,0,10,10
TR_M_024,5,1,0,1,1,4,5,0,4,8
